Squad,Date,Match,Possession %,PPDA,Match Tempo,xG,Goals,Conceded,Long Pass %,Shots,Counterattacks
Arsenal,2025-08-17,Manchester United - Arsenal 0:1,37.92,9.06,15.35,0.9,1,0,12.24,9,4
Arsenal,2025-08-23,Arsenal - Leeds United 5:0,71.28,6.47,15.49,2.12,5,0,6.4,16,0
Arsenal,2025-08-31,Liverpool - Arsenal 1:0,46.25,13.37,15.4,0.7,0,1,10.13,10,1
Arsenal,2025-09-13,Arsenal - Nottingham Forest 3:0,56.22,10.63,15.32,2.16,3,0,5.65,15,1
Arsenal,2025-09-21,Arsenal - Manchester City 1:1,65.66,7.43,16.24,1.54,1,1,6.57,12,2
Arsenal,2025-09-28,Newcastle United - Arsenal 1:2,58.82,9.5,17.5,1.95,2,1,10.42,18,1
Arsenal,2025-10-04,Arsenal - West Ham United 2:0,64.72,7.11,16.47,4.51,2,0,5.32,19,2
Arsenal,2025-10-18,Fulham - Arsenal 0:1,62.06,12.47,16.26,2.06,1,0,6.72,13,1
Arsenal,2025-10-26,Arsenal - Crystal Palace 1:0,61.42,16.29,15.55,1.9,1,0,11.05,9,1
Arsenal,2025-11-01,Burnley - Arsenal 0:2,55.32,9.13,16.74,1.9,2,0,9.18,12,3
Arsenal,2025-11-08,Sunderland - Arsenal 2:2,62.42,8.59,17.12,3.23,2,2,6.72,18,1
Arsenal,2025-11-23,Arsenal - Tottenham Hotspur 4:1,55.68,6.63,16.39,2.46,4,1,10.14,17,0
Arsenal,2025-11-30,Chelsea - Arsenal 1:1,59.86,8.77,16.08,0.89,1,1,8.55,7,1
Arsenal,2025-12-03,Arsenal - Brentford 2:0,59.9,9.72,16.77,2.99,2,0,8.41,15,0
Arsenal,2025-12-06,Aston Villa - Arsenal 2:1,54.72,8.46,15.88,1.69,1,2,7.54,13,0
Arsenal,2025-12-13,Arsenal - Wolverhampton Wanderers 2:1,69.38,8.48,16.45,1.36,2,1,6.06,15,1
Arsenal,2025-12-20,Everton - Arsenal 0:1,62.28,13.94,17.0,1.84,1,0,6.48,11,2
Arsenal,2025-12-27,Arsenal - Brighton 2:1,52.98,12.7,15.77,2.25,2,1,8.74,19,4
Arsenal,2025-12-30,Arsenal - Aston Villa 4:1,47.09,8.0,16.19,2.95,4,1,7.42,20,2
Arsenal,2026-01-03,Bournemouth - Arsenal 2:3,57.92,10.52,15.37,1.65,3,2,8.07,12,0
Arsenal,2026-01-08,Arsenal - Liverpool 0:0,53.28,13.24,14.09,0.93,0,0,6.96,9,0
Arsenal,2026-01-17,Nottingham Forest - Arsenal 0:0,60.85,8.17,15.22,1.02,0,0,9.88,11,1
Arsenal,2026-01-25,Arsenal - Manchester United 2:3,59.3,9.19,15.83,1.27,2,3,6.32,14,2
Arsenal,2026-01-31,Leeds United - Arsenal 0:4,48.88,12.61,17.52,2.48,4,0,11.06,13,0
Arsenal,2026-02-07,Arsenal - Sunderland 3:0,52.83,10.38,14.1,1.94,3,0,10.0,16,4
Arsenal,2026-02-12,Brentford - Arsenal 1:1,57.87,12.47,14.97,0.58,1,1,8.32,6,1
Arsenal,2026-02-18,Wolverhampton Wanderers - Arsenal 2:2,55.47,7.0,16.76,1.55,2,2,9.22,9,0
Arsenal,2026-02-22,Tottenham Hotspur - Arsenal 1:4,54.21,6.18,16.82,2.72,4,1,7.82,21,0
Arsenal,2026-03-01,Arsenal - Chelsea 2:1,44.47,14.31,15.0,1.46,2,1,10.74,12,0
Arsenal,2026-03-04,Brighton - Arsenal 0:1,38.4,11.45,15.83,0.74,1,0,13.78,7,1
Arsenal,2026-03-14,Arsenal - Everton 2:0,62.03,6.33,17.1,1.9,2,0,6.26,24,1
Arsenal,2026-04-11,Arsenal - Bournemouth 1:2,53.76,9.21,15.47,2.3,1,2,9.52,14,0
Arsenal,2026-04-19,Manchester City - Arsenal 2:1,38.82,8.35,16.07,2.04,1,2,12.73,8,1
Arsenal,2026-04-25,Arsenal - Newcastle United 1:0,45.53,13.38,16.01,0.65,1,0,10.69,10,3
Arsenal,2026-05-02,Arsenal - Fulham 3:0,56.27,9.27,16.9,3.21,3,0,6.26,16,0
Arsenal,2026-05-10,West Ham United - Arsenal 0:1,59.63,6.17,17.87,1.57,1,0,7.43,16,0
Arsenal,2026-05-18,Arsenal - Burnley 1:0,59.13,8.23,17.37,1.69,1,0,7.1,13,0
Arsenal,2026-05-24,Crystal Palace - Arsenal 1:2,58.12,13.59,17.96,3.23,2,1,4.82,16,0
Aston Villa,2025-08-16,Aston Villa - Newcastle United 0:0,43.82,10.67,14.3,0.59,0,0,14.09,3,0
Aston Villa,2025-08-23,Brentford - Aston Villa 1:0,70.45,6.81,16.68,1.48,0,1,7.3,14,0
Aston Villa,2025-08-31,Aston Villa - Crystal Palace 0:3,60.76,9.48,16.19,0.92,0,3,7.32,12,0
Aston Villa,2025-09-13,Everton - Aston Villa 0:0,50.53,7.88,15.53,0.21,0,0,11.05,6,0
Aston Villa,2025-09-21,Sunderland - Aston Villa 1:1,69.76,8.21,15.87,0.72,1,1,5.78,10,0
Aston Villa,2025-09-28,Aston Villa - Fulham 3:1,48.41,14.33,15.04,1.59,3,1,7.98,9,0
Aston Villa,2025-10-05,Aston Villa - Burnley 2:1,59.74,14.63,14.96,1.77,2,1,6.68,13,1
Aston Villa,2025-10-19,Tottenham Hotspur - Aston Villa 1:2,46.95,12.13,16.06,0.47,2,1,10.26,8,1
Aston Villa,2025-10-26,Aston Villa - Manchester City 1:0,46.19,14.44,15.73,1.49,1,0,10.4,8,0
Aston Villa,2025-11-01,Liverpool - Aston Villa 2:0,47.65,20.43,14.27,0.51,0,2,9.19,10,0
Aston Villa,2025-11-09,Aston Villa - Bournemouth 4:0,51.05,7.83,15.11,2.96,4,0,8.18,16,1
Aston Villa,2025-11-23,Leeds United - Aston Villa 1:2,52.47,7.28,15.81,1.2,2,1,9.55,13,0
Aston Villa,2025-11-30,Aston Villa - Wolverhampton Wanderers 1:0,53.13,9.67,16.15,1.7,1,0,4.99,17,1
Aston Villa,2025-12-03,Brighton - Aston Villa 3:4,45.67,16.0,15.04,3.11,4,3,11.08,12,1
Aston Villa,2025-12-06,Aston Villa - Arsenal 2:1,45.28,14.63,15.92,2.51,2,1,10.7,14,3
Aston Villa,2025-12-14,West Ham United - Aston Villa 2:3,60.55,10.75,16.66,0.48,3,2,6.55,7,0
Aston Villa,2025-12-21,Aston Villa - Manchester United 2:1,43.38,11.04,14.8,1.91,2,1,13.0,11,3
Aston Villa,2025-12-27,Chelsea - Aston Villa 1:2,36.36,25.92,16.94,1.81,2,1,13.0,11,2
Aston Villa,2025-12-30,Arsenal - Aston Villa 4:1,52.91,19.1,15.0,2.67,1,4,9.23,10,1
Aston Villa,2026-01-03,Aston Villa - Nottingham Forest 3:1,73.92,5.53,16.36,1.3,3,1,5.26,9,2
Aston Villa,2026-01-07,Crystal Palace - Aston Villa 0:0,62.01,11.13,14.6,1.4,0,0,6.77,12,0
Aston Villa,2026-01-18,Aston Villa - Everton 0:1,66.19,7.7,14.77,1.45,0,1,7.07,18,1
Aston Villa,2026-01-25,Newcastle United - Aston Villa 0:2,42.9,11.21,14.68,1.46,2,0,12.39,13,3
Aston Villa,2026-02-01,Aston Villa - Brentford 0:1,66.45,10.0,17.95,2.5,0,1,4.14,28,1
Aston Villa,2026-02-07,Bournemouth - Aston Villa 1:1,46.94,15.17,17.39,0.35,1,1,11.37,6,0
Aston Villa,2026-02-11,Aston Villa - Brighton 1:0,53.17,12.43,15.05,1.11,1,0,10.02,14,0
Aston Villa,2026-02-21,Aston Villa - Leeds United 1:1,66.73,7.7,15.65,1.23,1,1,7.41,13,0
Aston Villa,2026-02-27,Wolverhampton Wanderers - Aston Villa 2:0,61.77,5.83,15.47,1.41,0,2,5.53,13,1
Aston Villa,2026-03-04,Aston Villa - Chelsea 1:4,44.91,17.35,16.16,0.88,1,4,6.24,8,2
Aston Villa,2026-03-15,Manchester United - Aston Villa 3:1,48.11,15.5,16.83,1.13,1,3,7.41,7,3
Aston Villa,2026-03-22,Aston Villa - West Ham United 2:0,55.57,16.38,16.98,2.41,2,0,5.66,21,2
Aston Villa,2026-04-12,Nottingham Forest - Aston Villa 1:1,61.23,8.16,15.34,1.13,1,1,7.26,10,1
Aston Villa,2026-04-19,Aston Villa - Sunderland 4:3,51.16,14.16,15.12,2.4,4,3,10.97,14,0
Aston Villa,2026-04-25,Fulham - Aston Villa 1:0,61.97,10.35,16.03,1.09,0,1,7.5,9,0
Aston Villa,2026-05-03,Aston Villa - Tottenham Hotspur 1:2,46.11,12.26,14.23,0.44,1,2,6.0,5,0
Aston Villa,2026-05-10,Burnley - Aston Villa 2:2,62.66,9.39,18.01,1.84,2,2,6.08,18,1
Aston Villa,2026-05-15,Aston Villa - Liverpool 4:2,49.41,10.5,14.95,2.79,4,2,10.45,15,3
Aston Villa,2026-05-24,Manchester City - Aston Villa 1:2,50.47,24.4,15.47,2.33,2,1,7.39,12,2
Bournemouth,2025-08-15,Liverpool - Bournemouth 4:2,40.94,14.04,16.98,1.35,2,4,14.47,9,3
Bournemouth,2025-08-23,Bournemouth - Wolverhampton Wanderers 1:0,55.17,6.63,16.35,1.65,1,0,9.01,14,1
Bournemouth,2025-08-30,Tottenham Hotspur - Bournemouth 0:1,38.68,9.29,16.26,1.63,1,0,13.99,20,0
Bournemouth,2025-09-13,Bournemouth - Brighton 2:1,48.37,7.97,17.0,1.59,2,1,11.57,13,1
Bournemouth,2025-09-21,Bournemouth - Newcastle United 0:0,52.12,8.81,17.25,0.29,0,0,10.71,8,0
Bournemouth,2025-09-27,Leeds United - Bournemouth 2:2,60.35,8.83,16.66,1.06,2,2,7.42,11,2
Bournemouth,2025-10-03,Bournemouth - Fulham 3:1,52.9,9.03,18.2,1.41,3,1,7.33,11,1
Bournemouth,2025-10-18,Crystal Palace - Bournemouth 3:3,47.18,10.5,16.72,1.66,3,3,13.79,8,2
Bournemouth,2025-10-26,Bournemouth - Nottingham Forest 2:0,54.27,6.97,15.54,0.71,2,0,10.96,12,1
Bournemouth,2025-11-02,Manchester City - Bournemouth 3:1,51.26,8.82,17.49,1.24,1,3,6.85,9,1
Bournemouth,2025-11-09,Aston Villa - Bournemouth 4:0,48.95,7.29,16.28,1.29,0,4,12.9,10,1
Bournemouth,2025-11-22,Bournemouth - West Ham United 2:2,70.76,4.05,17.55,3.24,2,2,7.02,25,0
Bournemouth,2025-11-29,Sunderland - Bournemouth 3:2,59.2,7.22,15.76,2.2,2,3,11.37,15,1
Bournemouth,2025-12-02,Bournemouth - Everton 0:1,52.38,7.31,17.96,0.45,0,1,6.84,5,2
Bournemouth,2025-12-06,Bournemouth - Chelsea 0:0,43.84,12.18,13.37,1.53,0,0,18.79,13,0
Bournemouth,2025-12-15,Manchester United - Bournemouth 4:4,45.93,12.37,14.17,2.04,4,4,14.39,14,0
Bournemouth,2025-12-20,Bournemouth - Burnley 1:1,65.07,6.72,17.12,1.29,1,1,10.29,16,0
Bournemouth,2025-12-27,Brentford - Bournemouth 4:1,51.63,8.71,15.56,3.05,1,4,12.73,19,1
Bournemouth,2025-12-30,Chelsea - Bournemouth 2:2,34.12,17.94,15.32,4.39,2,2,17.22,17,1
Bournemouth,2026-01-03,Bournemouth - Arsenal 2:3,42.08,12.12,16.27,1.0,2,3,16.91,14,0
Bournemouth,2026-01-07,Bournemouth - Tottenham Hotspur 3:2,38.79,8.68,18.01,1.16,3,2,13.36,9,0
Bournemouth,2026-01-19,Brighton - Bournemouth 1:1,35.05,23.33,16.11,2.13,1,1,21.35,14,3
Bournemouth,2026-01-24,Bournemouth - Liverpool 3:2,33.62,25.08,17.07,2.54,3,2,13.18,11,3
Bournemouth,2026-01-31,Wolverhampton Wanderers - Bournemouth 0:2,47.78,8.14,18.05,1.96,2,0,9.96,10,4
Bournemouth,2026-02-07,Bournemouth - Aston Villa 1:1,53.06,10.58,16.78,3.16,1,1,9.72,19,2
Bournemouth,2026-02-10,Everton - Bournemouth 1:2,44.14,13.05,17.51,1.04,2,1,10.4,10,1
Bournemouth,2026-02-21,West Ham United - Bournemouth 0:0,61.43,7.96,15.83,0.64,0,0,10.02,10,2
Bournemouth,2026-02-28,Bournemouth - Sunderland 1:1,57.77,5.13,17.75,3.24,1,1,13.22,21,1
Bournemouth,2026-03-03,Bournemouth - Brentford 0:0,48.9,13.33,16.71,1.69,0,0,12.81,12,0
Bournemouth,2026-03-14,Burnley - Bournemouth 0:0,59.35,11.44,16.91,2.04,0,0,10.23,20,0
Bournemouth,2026-03-20,Bournemouth - Manchester United 2:2,54.81,8.48,18.4,1.59,2,2,7.83,16,1
Bournemouth,2026-04-11,Arsenal - Bournemouth 1:2,46.24,9.92,16.56,0.8,2,1,12.36,8,0
Bournemouth,2026-04-18,Newcastle United - Bournemouth 1:2,46.01,9.48,15.97,2.08,2,1,14.21,10,2
Bournemouth,2026-04-22,Bournemouth - Leeds United 2:2,59.06,6.8,16.57,2.36,2,2,12.64,16,1
Bournemouth,2026-05-03,Bournemouth - Crystal Palace 3:0,45.71,11.75,16.66,2.67,3,0,11.14,16,2
Bournemouth,2026-05-09,Fulham - Bournemouth 0:1,43.69,11.31,14.76,0.73,1,0,10.49,9,3
Bournemouth,2026-05-19,Bournemouth - Manchester City 1:1,42.79,13.96,16.92,1.28,1,1,13.79,9,0
Bournemouth,2026-05-24,Nottingham Forest - Bournemouth 1:1,55.33,9.03,17.34,1.17,1,1,9.5,17,0
Brentford,2025-08-17,Nottingham Forest - Brentford 3:1,48.97,8.56,14.52,1.69,1,3,8.43,8,0
Brentford,2025-08-23,Brentford - Aston Villa 1:0,29.55,9.85,12.87,1.5,1,0,20.43,7,2
Brentford,2025-08-30,Sunderland - Brentford 2:1,46.78,15.89,14.42,1.26,1,2,11.08,7,0
Brentford,2025-09-13,Brentford - Chelsea 2:2,37.24,12.0,14.56,1.73,2,2,16.0,9,1
Brentford,2025-09-20,Fulham - Brentford 3:1,46.99,10.41,16.61,0.87,1,3,9.51,8,1
Brentford,2025-09-27,Brentford - Manchester United 3:1,44.39,8.29,16.25,1.79,3,1,13.35,9,1
Brentford,2025-10-05,Brentford - Manchester City 0:1,31.65,14.18,17.37,0.42,0,1,12.3,5,3
Brentford,2025-10-20,West Ham United - Brentford 0:2,56.42,8.59,16.38,2.97,2,0,11.08,20,2
Brentford,2025-10-25,Brentford - Liverpool 3:2,35.85,13.0,15.86,2.58,3,2,17.81,17,2
Brentford,2025-11-01,Crystal Palace - Brentford 2:0,62.53,8.22,17.38,0.38,0,2,11.61,7,1
Brentford,2025-11-09,Brentford - Newcastle United 3:1,46.0,10.72,18.49,2.58,3,1,11.33,13,3
Brentford,2025-11-22,Brighton - Brentford 2:1,35.56,13.09,17.21,2.1,1,2,11.95,9,0
Brentford,2025-11-29,Brentford - Burnley 3:1,52.83,10.3,17.46,2.89,3,1,10.07,13,0
Brentford,2025-12-03,Arsenal - Brentford 2:0,40.1,20.5,14.89,0.48,0,2,16.98,6,0
Brentford,2025-12-06,Tottenham Hotspur - Brentford 2:0,44.09,8.62,16.24,0.32,0,2,9.97,3,3
Brentford,2025-12-14,Brentford - Leeds United 1:1,57.03,18.77,15.81,0.53,1,1,14.29,8,1
Brentford,2025-12-20,Wolverhampton Wanderers - Brentford 0:2,55.8,7.15,17.2,1.34,2,0,10.44,6,1
Brentford,2025-12-27,Brentford - Bournemouth 4:1,48.37,11.47,16.69,2.1,4,1,12.93,15,4
Brentford,2026-01-01,Brentford - Tottenham Hotspur 0:0,56.22,9.0,16.78,0.95,0,0,10.12,7,0
Brentford,2026-01-04,Everton - Brentford 2:4,51.4,9.36,17.71,2.28,4,2,12.44,12,0
Brentford,2026-01-07,Brentford - Sunderland 3:0,50.69,11.2,16.66,3.7,3,0,13.2,16,3
Brentford,2026-01-17,Chelsea - Brentford 2:0,54.88,10.63,16.48,1.88,0,2,9.44,14,0
Brentford,2026-01-25,Brentford - Nottingham Forest 0:2,66.79,6.0,16.41,1.57,0,2,7.43,8,0
Brentford,2026-02-01,Aston Villa - Brentford 0:1,33.55,12.04,13.65,0.18,1,0,19.92,2,1
Brentford,2026-02-07,Newcastle United - Brentford 2:3,47.72,9.86,15.77,1.95,3,2,16.39,11,3
Brentford,2026-02-12,Brentford - Arsenal 1:1,42.13,8.59,13.41,1.86,1,1,17.79,11,3
Brentford,2026-02-21,Brentford - Brighton 0:2,53.57,15.76,16.0,2.45,0,2,12.68,13,1
Brentford,2026-02-28,Burnley - Brentford 3:4,59.99,7.86,15.18,2.31,4,3,10.79,15,2
Brentford,2026-03-03,Bournemouth - Brentford 0:0,51.1,10.42,16.86,0.31,0,0,14.49,5,0
Brentford,2026-03-16,Brentford - Wolverhampton Wanderers 2:2,47.95,11.25,17.37,1.89,2,2,13.28,10,0
Brentford,2026-03-21,Leeds United - Brentford 0:0,39.87,8.9,16.92,0.61,0,0,19.36,6,0
Brentford,2026-04-11,Brentford - Everton 2:2,55.67,10.27,15.05,2.22,2,2,10.54,13,1
Brentford,2026-04-18,Brentford - Fulham 0:0,52.8,15.57,13.99,1.63,0,0,14.29,12,1
Brentford,2026-04-27,Manchester United - Brentford 2:1,58.19,8.25,15.43,1.08,1,2,10.16,9,0
Brentford,2026-05-02,Brentford - West Ham United 3:0,50.92,13.65,14.56,1.6,3,0,10.93,13,1
Brentford,2026-05-09,Manchester City - Brentford 3:0,37.92,12.1,16.29,0.22,0,3,14.64,4,0
Brentford,2026-05-17,Brentford - Crystal Palace 2:2,59.46,8.59,16.36,2.13,2,2,9.64,12,0
Brentford,2026-05-24,Liverpool - Brentford 1:1,39.52,13.09,17.63,1.94,1,1,13.99,10,0
Brighton,2025-08-16,Brighton - Fulham 1:1,51.48,8.22,17.13,1.42,1,1,9.53,10,1
Brighton,2025-08-24,Everton - Brighton 2:0,57.63,11.55,15.64,1.7,0,2,8.6,11,0
Brighton,2025-08-31,Brighton - Manchester City 2:1,38.04,9.02,15.91,2.37,2,1,14.53,11,3
Brighton,2025-09-13,Bournemouth - Brighton 2:1,51.63,9.0,14.66,0.77,1,2,12.01,7,0
Brighton,2025-09-20,Brighton - Tottenham Hotspur 2:2,35.4,10.06,15.98,1.18,2,2,16.14,9,3
Brighton,2025-09-27,Chelsea - Brighton 1:3,45.27,14.0,15.44,1.59,3,1,7.64,9,1
Brighton,2025-10-05,Wolverhampton Wanderers - Brighton 1:1,58.8,8.97,16.09,1.29,1,1,7.52,15,4
Brighton,2025-10-18,Brighton - Newcastle United 2:1,47.16,8.62,16.19,1.14,2,1,9.18,11,2
Brighton,2025-10-25,Manchester United - Brighton 4:2,57.75,7.63,18.0,0.97,2,4,7.68,13,0
Brighton,2025-11-01,Brighton - Leeds United 3:0,49.57,17.67,17.17,2.82,3,0,7.63,17,1
Brighton,2025-11-09,Crystal Palace - Brighton 0:0,59.62,10.62,16.59,0.35,0,0,8.85,6,1
Brighton,2025-11-22,Brighton - Brentford 2:1,64.44,7.73,16.61,0.95,2,1,6.29,15,1
Brighton,2025-11-30,Nottingham Forest - Brighton 0:2,49.61,14.3,16.25,1.49,2,0,10.2,15,0
Brighton,2025-12-03,Brighton - Aston Villa 3:4,54.33,6.81,17.03,1.75,3,4,8.44,12,2
Brighton,2025-12-07,Brighton - West Ham United 1:1,65.79,6.68,16.88,1.57,1,1,3.84,18,0
Brighton,2025-12-13,Liverpool - Brighton 2:0,53.27,11.3,15.46,1.6,0,2,7.88,14,2
Brighton,2025-12-20,Brighton - Sunderland 0:0,55.36,7.78,15.2,1.66,0,0,11.62,17,1
Brighton,2025-12-27,Arsenal - Brighton 2:1,47.02,9.21,15.1,1.21,1,2,10.82,8,0
Brighton,2025-12-30,West Ham United - Brighton 2:2,59.58,5.97,17.31,2.69,2,2,6.45,16,3
Brighton,2026-01-03,Brighton - Burnley 2:0,59.51,9.85,18.9,0.99,2,0,5.59,13,0
Brighton,2026-01-07,Manchester City - Brighton 1:1,41.29,12.35,16.09,0.85,1,1,12.47,5,0
Brighton,2026-01-19,Brighton - Bournemouth 1:1,64.95,7.64,17.57,1.28,1,1,7.04,17,0
Brighton,2026-01-24,Fulham - Brighton 2:1,49.48,12.0,17.9,1.59,1,2,8.96,11,0
Brighton,2026-01-31,Brighton - Everton 1:1,55.79,7.94,16.38,1.31,1,1,7.86,9,2
Brighton,2026-02-08,Brighton - Crystal Palace 0:1,60.52,7.77,18.39,0.71,0,1,10.66,6,0
Brighton,2026-02-11,Aston Villa - Brighton 1:0,46.83,7.15,17.43,0.32,0,1,8.39,6,3
Brighton,2026-02-21,Brentford - Brighton 0:2,46.43,13.0,16.77,1.5,2,0,14.47,11,0
Brighton,2026-03-01,Brighton - Nottingham Forest 2:1,49.97,8.24,18.38,1.31,2,1,6.58,14,0
Brighton,2026-03-04,Brighton - Arsenal 0:1,61.6,7.12,15.3,1.21,0,1,10.12,10,0
Brighton,2026-03-14,Sunderland - Brighton 0:1,48.13,9.03,18.52,1.24,1,0,10.58,11,0
Brighton,2026-03-21,Brighton - Liverpool 2:1,47.19,7.54,16.09,1.57,2,1,12.11,13,0
Brighton,2026-04-11,Burnley - Brighton 0:2,51.84,10.97,16.67,1.79,2,0,7.59,12,0
Brighton,2026-04-18,Tottenham Hotspur - Brighton 2:2,51.23,6.89,17.55,0.92,2,2,9.18,9,0
Brighton,2026-04-21,Brighton - Chelsea 3:0,56.21,8.92,17.41,1.63,3,0,10.8,14,2
Brighton,2026-05-02,Newcastle United - Brighton 3:1,65.0,6.72,16.42,1.89,1,3,11.11,13,0
Brighton,2026-05-09,Brighton - Wolverhampton Wanderers 3:0,71.38,5.57,16.2,2.12,3,0,6.1,15,0
Brighton,2026-05-17,Leeds United - Brighton 1:0,68.18,10.82,14.56,2.92,0,1,8.99,17,0
Brighton,2026-05-24,Brighton - Manchester United 0:3,55.12,8.68,16.97,1.72,0,3,7.35,13,0
Burnley,2025-08-16,Tottenham Hotspur - Burnley 3:0,29.55,14.87,17.28,1.18,0,3,8.15,16,4
Burnley,2025-08-23,Burnley - Sunderland 2:0,40.36,14.92,18.96,0.72,2,0,10.57,7,0
Burnley,2025-08-30,Manchester United - Burnley 3:2,38.09,12.3,17.73,1.42,2,3,14.43,6,0
Burnley,2025-09-14,Burnley - Liverpool 0:1,23.02,14.74,13.02,0.24,0,1,20.13,3,0
Burnley,2025-09-20,Burnley - Nottingham Forest 1:1,39.69,16.13,16.69,1.08,1,1,9.97,9,0
Burnley,2025-09-27,Manchester City - Burnley 5:1,31.21,15.38,18.7,0.43,1,5,14.33,8,1
Burnley,2025-10-05,Aston Villa - Burnley 2:1,40.26,9.12,18.31,0.21,1,2,11.14,4,0
Burnley,2025-10-18,Burnley - Leeds United 2:0,33.06,14.54,17.18,0.23,2,0,13.15,4,0
Burnley,2025-10-26,Wolverhampton Wanderers - Burnley 2:3,39.67,23.62,18.97,1.53,3,2,10.62,11,1
Burnley,2025-11-01,Burnley - Arsenal 0:2,44.68,15.83,17.47,0.48,0,2,9.93,3,0
Burnley,2025-11-08,West Ham United - Burnley 3:2,55.56,11.86,19.28,1.64,2,3,8.09,14,0
Burnley,2025-11-22,Burnley - Chelsea 0:2,43.89,15.29,17.12,0.58,0,2,12.25,8,1
Burnley,2025-11-29,Brentford - Burnley 3:1,47.17,15.58,17.0,1.25,1,3,13.21,5,0
Burnley,2025-12-03,Burnley - Crystal Palace 0:1,59.93,10.43,16.73,0.62,0,1,9.79,10,0
Burnley,2025-12-06,Newcastle United - Burnley 2:1,31.64,21.38,15.78,1.24,1,2,16.73,8,0
Burnley,2025-12-13,Burnley - Fulham 2:3,49.45,19.63,17.68,1.95,2,3,7.82,15,0
Burnley,2025-12-20,Bournemouth - Burnley 1:1,34.93,10.27,15.92,0.29,1,1,20.23,4,0
Burnley,2025-12-27,Burnley - Everton 0:0,51.01,8.7,17.27,1.61,0,0,8.93,17,2
Burnley,2025-12-30,Burnley - Newcastle United 1:3,48.95,11.31,16.94,1.46,1,3,10.78,15,2
Burnley,2026-01-03,Brighton - Burnley 2:0,40.49,13.97,17.56,0.23,0,2,9.92,6,0
Burnley,2026-01-07,Burnley - Manchester United 2:2,37.01,12.06,16.66,0.19,2,2,9.15,5,0
Burnley,2026-01-17,Liverpool - Burnley 1:1,28.85,14.82,16.26,0.89,1,1,13.74,7,2
Burnley,2026-01-24,Burnley - Tottenham Hotspur 2:2,33.49,15.37,19.68,1.11,2,2,8.33,8,2
Burnley,2026-02-02,Sunderland - Burnley 3:0,55.58,10.93,17.37,0.06,0,3,7.08,4,0
Burnley,2026-02-07,Burnley - West Ham United 0:2,51.53,12.0,16.1,1.42,0,2,6.21,15,1
Burnley,2026-02-11,Crystal Palace - Burnley 2:3,37.31,16.04,15.74,0.46,3,2,12.12,8,1
Burnley,2026-02-21,Chelsea - Burnley 1:1,35.61,19.5,17.42,0.94,1,1,9.47,12,0
Burnley,2026-02-28,Burnley - Brentford 3:4,40.01,19.41,16.67,1.25,3,4,13.5,12,0
Burnley,2026-03-03,Everton - Burnley 2:0,43.74,12.67,18.73,0.61,0,2,7.93,4,1
Burnley,2026-03-14,Burnley - Bournemouth 0:0,40.65,11.59,15.0,1.53,0,0,15.44,14,2
Burnley,2026-03-21,Fulham - Burnley 3:1,42.84,16.5,17.79,1.23,1,3,12.35,8,1
Burnley,2026-04-11,Burnley - Brighton 0:2,48.16,14.63,17.53,0.87,0,2,11.02,8,1
Burnley,2026-04-19,Nottingham Forest - Burnley 4:1,45.93,12.93,19.35,0.45,1,4,13.3,4,0
Burnley,2026-04-22,Burnley - Manchester City 0:1,32.8,17.43,18.6,0.54,0,1,12.93,6,1
Burnley,2026-05-01,Leeds United - Burnley 3:1,50.23,16.1,18.29,0.48,1,3,10.3,8,1
Burnley,2026-05-10,Burnley - Aston Villa 2:2,37.34,10.88,14.82,1.37,2,2,12.0,15,0
Burnley,2026-05-18,Arsenal - Burnley 1:0,40.87,12.17,15.61,0.34,0,1,12.38,5,1
Burnley,2026-05-24,Burnley - Wolverhampton Wanderers 1:1,69.28,12.0,16.0,1.42,1,1,6.95,16,2
Chelsea,2025-08-17,Chelsea - Crystal Palace 0:0,68.61,6.74,16.54,2.0,0,0,8.15,17,1
Chelsea,2025-08-22,West Ham United - Chelsea 1:5,57.21,15.75,19.47,3.37,5,1,7.35,12,0
Chelsea,2025-08-30,Chelsea - Fulham 2:0,53.07,10.17,17.11,2.55,2,0,9.05,11,1
Chelsea,2025-09-13,Brentford - Chelsea 2:2,62.76,7.74,17.43,1.98,2,2,5.59,17,1
Chelsea,2025-09-20,Manchester United - Chelsea 2:1,53.45,10.08,18.83,0.56,1,2,7.05,4,1
Chelsea,2025-09-27,Chelsea - Brighton 1:3,54.73,10.37,18.03,1.23,1,3,8.94,12,1
Chelsea,2025-10-04,Chelsea - Liverpool 2:1,51.07,13.42,16.92,1.22,2,1,10.44,12,0
Chelsea,2025-10-18,Nottingham Forest - Chelsea 0:3,52.01,8.4,16.27,1.61,3,0,9.76,15,2
Chelsea,2025-10-25,Chelsea - Sunderland 1:2,68.11,8.39,17.33,1.09,1,2,5.65,14,0
Chelsea,2025-11-01,Tottenham Hotspur - Chelsea 0:1,50.19,6.09,17.59,1.71,1,0,10.87,13,3
Chelsea,2025-11-08,Chelsea - Wolverhampton Wanderers 3:0,63.51,9.15,15.95,4.53,3,0,5.26,20,2
Chelsea,2025-11-22,Burnley - Chelsea 0:2,56.11,14.32,16.98,1.1,2,0,8.48,13,3
Chelsea,2025-11-30,Chelsea - Arsenal 1:1,40.14,10.5,13.78,0.84,1,1,14.5,9,3
Chelsea,2025-12-03,Leeds United - Chelsea 3:1,70.32,7.71,17.58,1.15,1,3,6.16,12,0
Chelsea,2025-12-06,Bournemouth - Chelsea 0:0,56.16,7.59,17.31,0.84,0,0,9.31,11,2
Chelsea,2025-12-13,Chelsea - Everton 2:0,55.1,5.8,17.91,2.06,2,0,7.17,16,0
Chelsea,2025-12-20,Newcastle United - Chelsea 2:2,53.04,9.96,17.63,1.23,2,2,10.9,14,2
Chelsea,2025-12-27,Chelsea - Aston Villa 1:2,63.64,7.55,17.55,2.0,1,2,6.99,13,3
Chelsea,2025-12-30,Chelsea - Bournemouth 2:2,65.88,7.21,15.78,2.86,2,2,7.0,15,4
Chelsea,2026-01-04,Manchester City - Chelsea 1:1,41.78,14.52,17.74,2.8,1,1,11.03,8,2
Chelsea,2026-01-07,Fulham - Chelsea 2:1,51.24,16.1,15.94,2.4,1,2,7.92,14,1
Chelsea,2026-01-17,Chelsea - Brentford 2:0,45.12,23.27,17.11,1.64,2,0,8.0,7,0
Chelsea,2026-01-25,Crystal Palace - Chelsea 1:3,54.35,11.58,20.41,2.63,3,1,7.91,10,2
Chelsea,2026-01-31,Chelsea - West Ham United 3:2,66.2,5.59,19.89,1.72,3,2,4.08,12,1
Chelsea,2026-02-07,Wolverhampton Wanderers - Chelsea 1:3,60.3,12.45,21.7,2.96,3,1,4.17,15,3
Chelsea,2026-02-10,Chelsea - Leeds United 2:2,65.31,9.67,19.61,2.22,2,2,5.02,18,0
Chelsea,2026-02-21,Chelsea - Burnley 1:1,64.39,8.15,20.31,1.83,1,1,5.16,11,4
Chelsea,2026-03-01,Arsenal - Chelsea 2:1,55.53,16.64,17.21,1.01,1,2,10.06,8,0
Chelsea,2026-03-04,Aston Villa - Chelsea 1:4,55.09,15.45,17.63,2.71,4,1,5.38,13,2
Chelsea,2026-03-14,Chelsea - Newcastle United 0:1,66.05,10.6,18.54,1.33,0,1,4.91,22,1
Chelsea,2026-03-21,Everton - Chelsea 3:0,63.61,11.77,18.28,0.95,0,3,4.68,10,2
Chelsea,2026-04-12,Chelsea - Manchester City 0:3,35.41,22.41,18.47,0.84,0,3,8.31,12,0
Chelsea,2026-04-18,Chelsea - Manchester United 0:1,60.8,11.97,17.47,2.13,0,1,6.62,21,2
Chelsea,2026-04-21,Brighton - Chelsea 3:0,43.79,24.47,18.77,0.14,0,3,7.1,5,0
Chelsea,2026-05-04,Chelsea - Nottingham Forest 1:3,66.26,7.55,18.34,1.73,1,3,4.85,18,0
Chelsea,2026-05-09,Liverpool - Chelsea 1:1,48.49,9.46,18.58,0.57,1,1,6.39,6,0
Chelsea,2026-05-19,Chelsea - Tottenham Hotspur 2:1,41.27,15.08,18.09,0.78,2,1,6.5,9,0
Chelsea,2026-05-24,Sunderland - Chelsea 2:1,52.68,12.58,17.73,0.61,1,2,10.33,7,1
Crystal Palace,2025-08-17,Chelsea - Crystal Palace 0:0,31.39,19.72,14.53,0.76,0,0,13.82,9,0
Crystal Palace,2025-08-24,Crystal Palace - Nottingham Forest 1:1,44.29,10.79,16.23,1.34,1,1,13.3,8,0
Crystal Palace,2025-08-31,Aston Villa - Crystal Palace 0:3,39.24,23.57,18.29,1.77,3,0,8.48,6,0
Crystal Palace,2025-09-13,Crystal Palace - Sunderland 0:0,54.32,10.57,16.89,1.35,0,0,8.28,12,0
Crystal Palace,2025-09-20,West Ham United - Crystal Palace 1:2,44.11,27.82,15.56,2.35,2,1,11.56,19,0
Crystal Palace,2025-09-27,Crystal Palace - Liverpool 2:1,27.87,19.32,17.1,2.35,2,1,19.39,16,5
Crystal Palace,2025-10-05,Everton - Crystal Palace 2:1,47.39,9.43,17.39,1.93,1,2,10.39,13,0
Crystal Palace,2025-10-18,Crystal Palace - Bournemouth 3:3,52.82,10.82,16.18,4.23,3,3,13.53,17,0
Crystal Palace,2025-10-26,Arsenal - Crystal Palace 1:0,38.58,19.42,17.07,0.25,0,1,14.64,5,0
Crystal Palace,2025-11-01,Crystal Palace - Brentford 2:0,37.47,15.12,14.9,0.91,2,0,14.18,9,2
Crystal Palace,2025-11-09,Crystal Palace - Brighton 0:0,40.38,11.93,17.29,1.35,0,0,14.58,9,2
Crystal Palace,2025-11-22,Wolverhampton Wanderers - Crystal Palace 0:2,52.09,9.52,17.85,1.67,2,0,9.68,10,1
Crystal Palace,2025-11-30,Crystal Palace - Manchester United 1:2,41.26,13.3,17.54,1.79,1,2,10.56,14,0
Crystal Palace,2025-12-03,Burnley - Crystal Palace 0:1,40.07,14.14,17.33,0.7,1,0,10.42,3,2
Crystal Palace,2025-12-07,Fulham - Crystal Palace 1:2,37.64,18.63,17.66,1.46,2,1,9.78,10,0
Crystal Palace,2025-12-14,Crystal Palace - Manchester City 0:3,38.06,16.35,17.36,1.05,0,3,16.17,12,1
Crystal Palace,2025-12-20,Leeds United - Crystal Palace 4:1,46.15,9.74,17.22,1.52,1,4,10.75,9,0
Crystal Palace,2025-12-28,Crystal Palace - Tottenham Hotspur 0:1,60.09,6.63,19.05,1.4,0,1,9.16,14,1
Crystal Palace,2026-01-01,Crystal Palace - Fulham 1:1,42.14,16.52,16.76,1.46,1,1,11.81,11,1
Crystal Palace,2026-01-04,Newcastle United - Crystal Palace 2:0,43.21,11.83,16.83,1.37,0,2,12.93,11,2
Crystal Palace,2026-01-07,Crystal Palace - Aston Villa 0:0,37.99,21.0,16.59,2.04,0,0,9.44,9,1
Crystal Palace,2026-01-17,Sunderland - Crystal Palace 2:1,41.11,10.03,14.76,0.87,1,2,10.77,4,1
Crystal Palace,2026-01-25,Crystal Palace - Chelsea 1:3,45.65,11.93,17.43,2.85,1,3,12.91,13,0
Crystal Palace,2026-02-01,Nottingham Forest - Crystal Palace 1:1,65.99,6.82,16.36,1.41,1,1,8.26,12,0
Crystal Palace,2026-02-08,Brighton - Crystal Palace 0:1,39.48,14.1,15.75,1.49,1,0,14.8,7,1
Crystal Palace,2026-02-11,Crystal Palace - Burnley 2:3,62.69,5.31,17.34,1.94,2,3,8.73,18,0
Crystal Palace,2026-02-22,Crystal Palace - Wolverhampton Wanderers 1:0,58.55,7.11,17.15,1.42,1,0,7.78,12,2
Crystal Palace,2026-03-01,Manchester United - Crystal Palace 2:1,41.51,14.04,17.47,0.38,1,2,9.02,6,0
Crystal Palace,2026-03-05,Tottenham Hotspur - Crystal Palace 1:3,56.94,7.96,17.86,1.92,3,1,7.51,9,3
Crystal Palace,2026-03-15,Crystal Palace - Leeds United 0:0,61.26,5.9,17.46,0.73,0,0,11.16,11,0
Crystal Palace,2026-04-12,Crystal Palace - Newcastle United 2:1,42.1,9.26,15.75,2.34,2,1,14.63,11,1
Crystal Palace,2026-04-20,Crystal Palace - West Ham United 0:0,54.01,9.62,16.48,0.67,0,0,10.11,9,2
Crystal Palace,2026-04-25,Liverpool - Crystal Palace 3:1,44.96,15.52,17.36,2.26,1,3,12.72,14,2
Crystal Palace,2026-05-03,Bournemouth - Crystal Palace 3:0,54.29,13.1,13.92,1.54,0,3,12.27,7,0
Crystal Palace,2026-05-10,Crystal Palace - Everton 2:2,59.26,9.68,16.19,1.86,2,2,9.98,18,0
Crystal Palace,2026-05-13,Manchester City - Crystal Palace 3:0,26.88,35.73,16.94,0.83,0,3,15.65,6,1
Crystal Palace,2026-05-17,Brentford - Crystal Palace 2:2,40.54,19.22,17.06,1.86,2,2,18.98,14,3
Crystal Palace,2026-05-24,Crystal Palace - Arsenal 1:2,41.88,22.27,15.61,1.0,1,2,12.92,7,1
Everton,2025-08-18,Leeds United - Everton 1:0,47.85,14.08,15.52,0.49,0,1,11.0,5,0
Everton,2025-08-24,Everton - Brighton 2:0,42.37,19.67,15.06,1.69,2,0,15.81,12,0
Everton,2025-08-30,Wolverhampton Wanderers - Everton 2:3,39.23,14.3,16.63,1.67,3,2,13.64,9,0
Everton,2025-09-13,Everton - Aston Villa 0:0,49.47,6.15,14.61,1.34,0,0,11.38,17,1
Everton,2025-09-20,Liverpool - Everton 2:1,45.61,10.24,14.56,0.68,1,2,13.77,9,0
Everton,2025-09-29,Everton - West Ham United 1:1,54.6,11.7,15.67,0.93,1,1,9.17,12,0
Everton,2025-10-05,Everton - Crystal Palace 2:1,52.61,11.64,16.01,2.34,2,1,8.75,13,2
Everton,2025-10-18,Manchester City - Everton 2:0,29.62,21.95,16.26,0.88,0,2,17.83,5,0
Everton,2025-10-26,Everton - Tottenham Hotspur 0:3,53.07,9.67,16.32,1.39,0,3,7.81,10,0
Everton,2025-11-03,Sunderland - Everton 1:1,40.29,13.92,14.82,1.0,1,1,10.9,9,0
Everton,2025-11-08,Everton - Fulham 2:0,51.09,12.28,16.1,1.19,2,0,7.61,13,0
Everton,2025-11-24,Manchester United - Everton 0:1,31.88,15.8,15.53,0.08,1,0,14.8,2,1
Everton,2025-11-29,Everton - Newcastle United 1:4,53.14,15.27,16.19,1.69,1,4,8.09,10,0
Everton,2025-12-02,Bournemouth - Everton 0:1,47.62,11.82,15.66,0.93,1,0,11.32,12,0
Everton,2025-12-06,Everton - Nottingham Forest 3:0,43.46,7.43,15.99,1.35,3,0,9.29,11,2
Everton,2025-12-13,Chelsea - Everton 2:0,44.9,14.39,15.59,1.53,0,2,7.92,10,0
Everton,2025-12-20,Everton - Arsenal 0:1,37.72,17.26,14.04,0.36,0,1,14.76,4,2
Everton,2025-12-27,Burnley - Everton 0:0,48.99,10.21,15.62,1.54,0,0,13.88,14,0
Everton,2025-12-30,Nottingham Forest - Everton 0:2,32.49,13.44,14.76,1.05,2,0,17.33,11,5
Everton,2026-01-04,Everton - Brentford 2:4,48.6,12.28,15.15,1.81,2,4,11.26,15,0
Everton,2026-01-07,Everton - Wolverhampton Wanderers 1:1,46.24,8.79,15.63,1.34,1,1,6.5,11,2
Everton,2026-01-18,Aston Villa - Everton 0:1,33.81,9.63,16.3,0.9,1,0,9.96,9,4
Everton,2026-01-26,Everton - Leeds United 1:1,55.86,9.74,17.32,0.89,1,1,9.18,10,1
Everton,2026-01-31,Brighton - Everton 1:1,44.21,14.04,17.2,1.5,1,1,13.01,7,3
Everton,2026-02-07,Fulham - Everton 1:2,44.98,9.79,16.24,1.14,2,1,8.85,11,1
Everton,2026-02-10,Everton - Bournemouth 1:2,55.86,7.08,15.91,2.89,1,2,9.51,13,0
Everton,2026-02-23,Everton - Manchester United 0:1,50.12,9.25,15.59,0.37,0,1,10.97,10,1
Everton,2026-02-28,Newcastle United - Everton 2:3,36.38,12.58,15.84,2.23,3,2,13.36,9,2
Everton,2026-03-03,Everton - Burnley 2:0,56.26,10.11,17.42,1.33,2,0,6.46,14,2
Everton,2026-03-14,Arsenal - Everton 2:0,37.97,17.0,15.49,1.88,0,2,15.99,9,0
Everton,2026-03-21,Everton - Chelsea 3:0,36.39,23.76,17.84,0.99,3,0,10.99,8,2
Everton,2026-04-11,Brentford - Everton 2:2,44.33,9.24,15.77,1.54,2,2,11.08,14,0
Everton,2026-04-19,Everton - Liverpool 1:2,46.83,12.79,15.32,1.12,1,2,15.14,10,0
Everton,2026-04-25,West Ham United - Everton 2:1,56.86,12.65,15.89,1.41,1,2,7.21,9,2
Everton,2026-05-04,Everton - Manchester City 3:3,28.44,14.55,12.76,2.28,3,3,15.76,11,1
Everton,2026-05-10,Crystal Palace - Everton 2:2,40.74,10.88,15.5,2.32,2,2,12.46,12,5
Everton,2026-05-17,Everton - Sunderland 1:3,50.26,14.24,15.32,0.65,1,3,7.41,7,1
Everton,2026-05-24,Tottenham Hotspur - Everton 1:0,48.91,9.31,17.43,0.92,0,1,11.17,9,0
Fulham,2025-08-16,Brighton - Fulham 1:1,48.52,10.28,16.74,0.46,1,1,10.35,5,0
Fulham,2025-08-24,Fulham - Manchester United 1:1,51.19,11.29,16.18,2.19,1,1,6.67,11,0
Fulham,2025-08-30,Chelsea - Fulham 2:0,46.93,10.78,16.5,0.51,0,2,12.1,8,0
Fulham,2025-09-13,Fulham - Leeds United 1:0,54.24,9.96,16.07,0.83,1,0,7.91,6,0
Fulham,2025-09-20,Fulham - Brentford 3:1,53.01,15.38,16.96,1.87,3,1,7.59,15,0
Fulham,2025-09-28,Aston Villa - Fulham 3:1,51.59,13.33,16.22,1.02,1,3,9.72,10,0
Fulham,2025-10-03,Bournemouth - Fulham 3:1,47.1,11.69,18.1,1.11,1,3,9.77,12,1
Fulham,2025-10-18,Fulham - Arsenal 0:1,37.94,16.6,15.69,0.51,0,1,14.87,8,3
Fulham,2025-10-25,Newcastle United - Fulham 2:1,49.91,10.86,16.8,2.28,1,2,9.38,11,4
Fulham,2025-11-01,Fulham - Wolverhampton Wanderers 3:0,60.06,13.4,18.52,2.0,3,0,6.02,17,0
Fulham,2025-11-08,Everton - Fulham 2:0,48.91,8.8,16.69,0.96,0,2,10.23,9,1
Fulham,2025-11-22,Fulham - Sunderland 1:0,56.33,11.26,16.31,3.04,1,0,7.81,25,3
Fulham,2025-11-29,Tottenham Hotspur - Fulham 1:2,35.23,13.88,17.84,0.4,2,1,15.61,6,0
Fulham,2025-12-02,Fulham - Manchester City 4:5,54.23,9.34,19.55,1.46,4,5,9.09,12,1
Fulham,2025-12-07,Fulham - Crystal Palace 1:2,62.36,12.82,17.76,0.45,1,2,7.5,9,1
Fulham,2025-12-13,Burnley - Fulham 2:3,50.55,34.44,16.22,1.32,3,2,10.68,6,3
Fulham,2025-12-22,Fulham - Nottingham Forest 1:0,48.72,16.19,17.41,2.22,1,0,9.45,10,0
Fulham,2025-12-27,West Ham United - Fulham 0:1,57.39,8.93,17.04,1.04,1,0,7.07,12,0
Fulham,2026-01-01,Crystal Palace - Fulham 1:1,57.86,9.81,19.13,2.18,1,1,9.72,15,0
Fulham,2026-01-04,Fulham - Liverpool 2:2,40.59,20.42,19.58,0.22,2,2,10.54,6,0
Fulham,2026-01-07,Fulham - Chelsea 2:1,48.76,11.43,20.27,1.39,2,1,5.84,15,1
Fulham,2026-01-17,Leeds United - Fulham 1:0,50.84,12.48,17.67,0.53,0,1,10.78,8,0
Fulham,2026-01-24,Fulham - Brighton 2:1,50.52,12.37,17.74,1.02,2,1,9.66,10,1
Fulham,2026-02-01,Manchester United - Fulham 3:2,58.66,12.24,17.88,2.39,2,3,7.44,15,0
Fulham,2026-02-07,Fulham - Everton 1:2,55.02,9.44,16.58,1.84,1,2,7.08,12,1
Fulham,2026-02-11,Manchester City - Fulham 3:0,43.77,12.37,17.93,0.87,0,3,8.74,11,0
Fulham,2026-02-22,Sunderland - Fulham 1:3,45.55,9.23,17.69,2.36,3,1,12.71,11,2
Fulham,2026-03-01,Fulham - Tottenham Hotspur 2:1,56.26,8.67,17.24,2.02,2,1,9.98,14,3
Fulham,2026-03-04,Fulham - West Ham United 0:1,59.63,9.45,16.04,0.83,0,1,8.7,9,0
Fulham,2026-03-15,Nottingham Forest - Fulham 0:0,52.88,8.97,17.15,0.87,0,0,9.89,5,1
Fulham,2026-03-21,Fulham - Burnley 3:1,57.16,14.38,17.05,4.29,3,1,8.3,21,0
Fulham,2026-04-11,Liverpool - Fulham 2:0,47.18,16.21,15.6,1.67,0,2,8.52,17,0
Fulham,2026-04-18,Brentford - Fulham 0:0,47.2,12.52,18.06,0.46,0,0,9.58,9,0
Fulham,2026-04-25,Fulham - Aston Villa 1:0,38.03,9.92,17.16,1.06,1,0,9.91,12,0
Fulham,2026-05-02,Arsenal - Fulham 3:0,43.73,13.88,17.54,0.76,0,3,10.28,10,1
Fulham,2026-05-09,Fulham - Bournemouth 0:1,56.31,12.84,17.14,1.73,0,1,5.77,14,0
Fulham,2026-05-17,Wolverhampton Wanderers - Fulham 1:1,66.38,8.23,16.96,1.44,1,1,4.85,14,0
Fulham,2026-05-24,Fulham - Newcastle United 2:0,43.89,14.22,18.65,2.39,2,0,8.55,20,0
Leeds United,2025-08-18,Leeds United - Everton 1:0,52.15,10.93,17.62,2.2,1,0,7.68,20,1
Leeds United,2025-08-23,Arsenal - Leeds United 5:0,28.72,36.17,16.18,0.14,0,5,10.4,3,0
Leeds United,2025-08-30,Leeds United - Newcastle United 0:0,42.86,10.63,17.38,0.53,0,0,12.56,9,0
Leeds United,2025-09-13,Fulham - Leeds United 1:0,45.76,14.95,16.43,1.19,0,1,8.36,8,2
Leeds United,2025-09-20,Wolverhampton Wanderers - Leeds United 1:3,44.74,12.15,16.17,0.4,3,1,9.07,6,0
Leeds United,2025-09-27,Leeds United - Bournemouth 2:2,39.65,10.76,16.35,2.87,2,2,14.85,17,0
Leeds United,2025-10-04,Leeds United - Tottenham Hotspur 1:2,54.77,7.88,17.14,2.82,1,2,7.63,16,1
Leeds United,2025-10-18,Burnley - Leeds United 2:0,66.94,8.18,17.64,1.87,0,2,5.82,15,0
Leeds United,2025-10-24,Leeds United - West Ham United 2:1,42.27,14.87,16.69,2.63,2,1,13.35,13,2
Leeds United,2025-11-01,Brighton - Leeds United 3:0,50.43,17.0,15.87,0.73,0,3,9.43,5,0
Leeds United,2025-11-09,Nottingham Forest - Leeds United 3:1,53.88,8.14,15.74,1.3,1,3,11.75,10,2
Leeds United,2025-11-23,Leeds United - Aston Villa 1:2,47.53,9.0,16.12,1.67,1,2,7.49,10,0
Leeds United,2025-11-29,Manchester City - Leeds United 3:2,39.28,8.36,16.3,2.4,2,3,12.35,7,0
Leeds United,2025-12-03,Leeds United - Chelsea 3:1,29.68,18.19,16.45,1.85,3,1,15.59,13,1
Leeds United,2025-12-06,Leeds United - Liverpool 3:3,47.31,10.68,16.87,1.37,3,3,9.84,9,3
Leeds United,2025-12-14,Brentford - Leeds United 1:1,42.97,15.23,15.98,1.44,1,1,11.8,16,0
Leeds United,2025-12-20,Leeds United - Crystal Palace 4:1,53.85,7.71,15.51,2.6,4,1,9.21,16,2
Leeds United,2025-12-28,Sunderland - Leeds United 1:1,57.73,8.26,16.06,2.35,1,1,9.65,16,2
Leeds United,2026-01-01,Liverpool - Leeds United 0:0,30.86,17.58,17.1,0.55,0,0,13.33,4,0
Leeds United,2026-01-04,Leeds United - Manchester United 1:1,44.7,12.03,18.21,1.02,1,1,8.92,9,0
Leeds United,2026-01-07,Newcastle United - Leeds United 4:3,36.76,12.86,17.78,2.48,3,4,12.05,14,3
Leeds United,2026-01-17,Leeds United - Fulham 1:0,49.16,14.35,16.35,2.18,1,0,12.82,15,1
Leeds United,2026-01-26,Everton - Leeds United 1:1,44.14,10.71,16.05,1.61,1,1,12.79,13,4
Leeds United,2026-01-31,Leeds United - Arsenal 0:4,51.12,9.1,16.29,0.37,0,4,11.37,3,0
Leeds United,2026-02-06,Leeds United - Nottingham Forest 3:1,55.74,6.83,16.93,3.72,3,1,9.07,13,0
Leeds United,2026-02-10,Chelsea - Leeds United 2:2,34.69,21.23,18.18,1.45,2,2,12.04,4,0
Leeds United,2026-02-21,Aston Villa - Leeds United 1:1,33.27,10.81,15.35,0.95,1,1,14.34,11,0
Leeds United,2026-02-28,Leeds United - Manchester City 0:1,31.58,18.35,17.79,1.83,0,1,13.46,13,2
Leeds United,2026-03-03,Leeds United - Sunderland 0:1,67.81,4.38,16.74,0.84,0,1,11.31,14,0
Leeds United,2026-03-15,Crystal Palace - Leeds United 0:0,38.74,13.59,13.96,1.18,0,0,18.02,9,0
Leeds United,2026-03-21,Leeds United - Brentford 0:0,60.13,9.62,15.01,0.61,0,0,9.5,12,0
Leeds United,2026-04-13,Manchester United - Leeds United 1:2,48.19,9.71,17.47,2.27,2,1,10.05,14,0
Leeds United,2026-04-18,Leeds United - Wolverhampton Wanderers 3:0,58.71,8.06,15.57,3.56,3,0,8.32,13,2
Leeds United,2026-04-22,Bournemouth - Leeds United 2:2,40.94,9.5,16.92,1.01,2,2,11.69,7,0
Leeds United,2026-05-01,Leeds United - Burnley 3:1,49.77,10.16,16.34,2.46,3,1,9.59,18,1
Leeds United,2026-05-11,Tottenham Hotspur - Leeds United 1:1,41.13,7.45,16.49,1.72,1,1,10.09,9,0
Leeds United,2026-05-17,Leeds United - Brighton 1:0,31.82,15.27,15.4,0.36,1,0,14.5,7,0
Leeds United,2026-05-24,West Ham United - Leeds United 3:0,55.69,7.69,17.92,2.37,0,3,6.64,11,3
Liverpool,2025-08-15,Liverpool - Bournemouth 4:2,59.06,13.94,17.49,2.56,4,2,7.36,18,5
Liverpool,2025-08-25,Newcastle United - Liverpool 2:3,62.67,5.84,16.2,0.5,3,2,10.26,5,0
Liverpool,2025-08-31,Liverpool - Arsenal 1:0,53.75,12.55,15.34,0.62,1,0,10.83,9,0
Liverpool,2025-09-14,Burnley - Liverpool 0:1,76.98,5.85,17.42,2.44,1,0,2.76,26,0
Liverpool,2025-09-20,Liverpool - Everton 2:1,54.39,9.81,16.67,0.68,2,1,5.92,12,4
Liverpool,2025-09-27,Crystal Palace - Liverpool 2:1,72.13,8.64,17.62,2.85,1,2,5.28,19,1
Liverpool,2025-10-04,Chelsea - Liverpool 2:1,48.93,12.96,16.13,1.83,1,2,11.21,12,0
Liverpool,2025-10-19,Liverpool - Manchester United 1:2,63.69,10.33,16.41,3.18,1,2,5.92,17,2
Liverpool,2025-10-25,Brentford - Liverpool 3:2,64.15,8.17,17.52,1.32,2,3,8.15,11,0
Liverpool,2025-11-01,Liverpool - Aston Villa 2:0,52.35,11.26,16.4,1.03,2,0,8.14,14,2
Liverpool,2025-11-09,Manchester City - Liverpool 3:0,51.39,9.93,15.88,0.81,0,3,7.62,7,1
Liverpool,2025-11-22,Liverpool - Nottingham Forest 0:3,72.0,4.73,17.41,1.55,0,3,4.08,21,0
Liverpool,2025-11-30,West Ham United - Liverpool 0:2,55.26,7.77,16.78,1.25,2,0,5.86,9,0
Liverpool,2025-12-03,Liverpool - Sunderland 1:1,60.97,8.08,18.6,1.33,1,1,5.16,23,2
Liverpool,2025-12-06,Leeds United - Liverpool 3:3,52.69,11.67,18.56,1.63,3,3,8.03,14,1
Liverpool,2025-12-13,Liverpool - Brighton 2:0,46.73,19.63,17.55,2.0,2,0,7.51,18,1
Liverpool,2025-12-20,Tottenham Hotspur - Liverpool 1:2,61.46,9.43,17.85,0.69,2,1,4.15,8,1
Liverpool,2025-12-27,Liverpool - Wolverhampton Wanderers 2:1,63.68,10.85,17.87,1.4,2,1,4.98,14,2
Liverpool,2026-01-01,Liverpool - Leeds United 0:0,69.14,6.67,17.98,1.77,0,0,5.5,16,0
Liverpool,2026-01-04,Fulham - Liverpool 2:2,59.41,17.79,18.38,2.05,2,2,7.51,10,1
Liverpool,2026-01-08,Arsenal - Liverpool 0:0,46.72,20.15,18.17,0.08,0,0,5.77,7,0
Liverpool,2026-01-17,Liverpool - Burnley 1:1,71.15,8.0,18.22,2.98,1,1,4.01,32,1
Liverpool,2026-01-24,Bournemouth - Liverpool 3:2,66.38,12.78,16.71,1.18,2,3,4.49,14,3
Liverpool,2026-01-31,Liverpool - Newcastle United 4:1,51.44,8.92,17.21,2.09,4,1,8.94,16,3
Liverpool,2026-02-08,Liverpool - Manchester City 1:2,45.16,19.07,16.76,0.98,1,2,12.95,13,2
Liverpool,2026-02-11,Sunderland - Liverpool 0:1,49.09,10.15,18.51,2.75,1,0,7.6,22,1
Liverpool,2026-02-22,Nottingham Forest - Liverpool 0:1,51.38,10.35,16.76,1.76,1,0,8.08,9,0
Liverpool,2026-02-28,Liverpool - West Ham United 5:2,49.98,8.67,15.51,1.63,5,2,9.21,18,4
Liverpool,2026-03-03,Wolverhampton Wanderers - Liverpool 2:1,64.45,6.63,17.66,1.93,1,2,5.9,15,4
Liverpool,2026-03-15,Liverpool - Tottenham Hotspur 1:1,59.32,5.79,17.71,1.65,1,1,7.95,16,4
Liverpool,2026-03-21,Brighton - Liverpool 2:1,52.81,10.32,16.64,1.2,1,2,13.87,11,0
Liverpool,2026-04-11,Liverpool - Fulham 2:0,52.82,7.76,16.54,1.95,2,0,7.99,17,3
Liverpool,2026-04-19,Everton - Liverpool 1:2,53.17,12.9,17.76,1.37,2,1,9.65,14,0
Liverpool,2026-04-25,Liverpool - Crystal Palace 3:1,55.04,15.84,15.56,1.09,3,1,10.68,8,2
Liverpool,2026-05-03,Manchester United - Liverpool 3:2,64.16,7.9,18.2,1.1,2,3,3.66,11,0
Liverpool,2026-05-09,Liverpool - Chelsea 1:1,51.51,13.11,16.05,0.62,1,1,6.52,8,0
Liverpool,2026-05-15,Aston Villa - Liverpool 4:2,50.59,11.27,17.08,1.79,2,4,7.49,14,0
Liverpool,2026-05-24,Liverpool - Brentford 1:1,60.48,11.04,17.14,3.67,1,1,9.4,24,1
Manchester City,2025-08-16,Wolverhampton Wanderers - Manchester City 0:4,57.99,15.71,17.43,2.18,4,0,4.66,14,1
Manchester City,2025-08-23,Manchester City - Tottenham Hotspur 0:2,57.56,8.55,16.52,0.87,0,2,6.86,11,0
Manchester City,2025-08-31,Brighton - Manchester City 2:1,61.96,9.44,17.98,1.73,1,2,5.5,11,1
Manchester City,2025-09-14,Manchester City - Manchester United 3:0,44.86,17.06,18.33,2.34,3,0,9.73,11,2
Manchester City,2025-09-21,Arsenal - Manchester City 1:1,34.34,12.18,15.21,0.64,1,1,14.43,4,2
Manchester City,2025-09-27,Manchester City - Burnley 5:1,68.79,11.21,18.62,1.7,5,1,3.73,17,0
Manchester City,2025-10-05,Brentford - Manchester City 0:1,68.35,11.3,19.68,0.87,1,0,3.31,10,1
Manchester City,2025-10-18,Manchester City - Everton 2:0,70.38,7.5,17.01,2.96,2,0,4.22,22,1
Manchester City,2025-10-26,Aston Villa - Manchester City 1:0,53.81,10.68,15.83,1.09,0,1,2.22,13,1
Manchester City,2025-11-02,Manchester City - Bournemouth 3:1,48.74,19.78,16.88,2.49,3,1,6.82,15,2
Manchester City,2025-11-09,Manchester City - Liverpool 3:0,48.61,10.18,16.82,1.82,3,0,8.29,14,1
Manchester City,2025-11-22,Newcastle United - Manchester City 2:1,67.38,10.76,16.95,1.84,1,2,5.47,17,0
Manchester City,2025-11-29,Manchester City - Leeds United 3:2,60.72,9.5,17.72,2.96,3,2,6.09,17,0
Manchester City,2025-12-02,Fulham - Manchester City 4:5,45.77,17.96,16.54,1.94,5,4,9.03,10,0
Manchester City,2025-12-06,Manchester City - Sunderland 3:0,66.02,12.08,16.85,2.83,3,0,5.15,17,2
Manchester City,2025-12-14,Crystal Palace - Manchester City 0:3,61.94,8.03,16.73,1.43,3,0,6.36,7,0
Manchester City,2025-12-20,Manchester City - West Ham United 3:0,69.4,8.6,18.16,3.79,3,0,5.21,18,0
Manchester City,2025-12-27,Nottingham Forest - Manchester City 1:2,64.01,5.54,17.18,1.45,2,1,4.3,16,0
Manchester City,2026-01-01,Sunderland - Manchester City 0:0,64.97,7.48,17.17,3.13,0,0,6.47,14,0
Manchester City,2026-01-04,Manchester City - Chelsea 1:1,58.22,7.26,17.19,1.06,1,1,8.17,13,1
Manchester City,2026-01-07,Manchester City - Brighton 1:1,58.71,12.8,16.95,3.2,1,1,5.79,20,0
Manchester City,2026-01-17,Manchester United - Manchester City 2:0,67.34,7.5,17.6,0.39,0,2,5.25,7,0
Manchester City,2026-01-24,Manchester City - Wolverhampton Wanderers 2:0,63.59,7.62,18.99,1.55,2,0,6.86,11,3
Manchester City,2026-02-01,Tottenham Hotspur - Manchester City 2:2,58.21,10.17,17.41,2.49,2,2,7.42,12,0
Manchester City,2026-02-08,Liverpool - Manchester City 1:2,54.84,7.17,15.74,2.32,2,1,9.77,16,3
Manchester City,2026-02-11,Manchester City - Fulham 3:0,56.23,10.94,18.45,1.65,3,0,5.97,12,1
Manchester City,2026-02-21,Manchester City - Newcastle United 2:1,59.41,9.27,14.49,2.53,2,1,12.05,15,3
Manchester City,2026-02-28,Leeds United - Manchester City 0:1,68.42,9.12,16.9,3.07,1,0,7.32,13,0
Manchester City,2026-03-04,Manchester City - Nottingham Forest 2:2,73.09,7.97,17.07,2.33,2,2,4.03,20,0
Manchester City,2026-03-14,West Ham United - Manchester City 1:1,72.65,7.29,17.16,2.25,1,1,4.35,19,0
Manchester City,2026-04-12,Chelsea - Manchester City 0:3,64.59,7.62,17.49,2.5,3,0,3.91,17,0
Manchester City,2026-04-19,Manchester City - Arsenal 2:1,61.18,15.93,14.25,2.41,2,1,9.33,14,2
Manchester City,2026-04-22,Burnley - Manchester City 0:1,67.2,8.08,17.11,3.69,1,0,3.81,26,1
Manchester City,2026-05-04,Everton - Manchester City 3:3,71.56,8.0,16.46,1.54,3,3,5.03,16,2
Manchester City,2026-05-09,Manchester City - Brentford 3:0,62.08,12.32,14.45,3.22,3,0,6.65,24,1
Manchester City,2026-05-13,Manchester City - Crystal Palace 3:0,73.12,7.18,16.99,1.21,3,0,5.59,14,1
Manchester City,2026-05-19,Bournemouth - Manchester City 1:1,57.21,12.38,15.93,1.39,1,1,7.83,13,1
Manchester City,2026-05-24,Manchester City - Aston Villa 1:2,49.53,20.56,16.71,1.68,1,2,5.01,16,1
Manchester United,2025-08-17,Manchester United - Arsenal 0:1,62.08,8.2,15.11,1.6,0,1,11.93,19,3
Manchester United,2025-08-24,Fulham - Manchester United 1:1,48.81,9.27,16.13,2.07,1,1,12.73,10,0
Manchester United,2025-08-30,Manchester United - Burnley 3:2,61.91,7.89,18.44,3.1,3,2,9.92,22,4
Manchester United,2025-09-14,Manchester City - Manchester United 3:0,55.14,9.86,17.93,1.46,0,3,8.71,11,0
Manchester United,2025-09-20,Manchester United - Chelsea 2:1,46.55,12.19,15.36,1.42,2,1,11.53,10,2
Manchester United,2025-09-27,Brentford - Manchester United 3:1,55.61,11.59,17.06,2.57,1,3,10.61,12,2
Manchester United,2025-10-04,Manchester United - Sunderland 2:0,47.63,8.64,17.62,1.71,2,0,11.11,15,3
Manchester United,2025-10-19,Liverpool - Manchester United 1:2,36.31,9.9,15.78,1.42,2,1,15.83,10,1
Manchester United,2025-10-25,Manchester United - Brighton 4:2,42.25,15.54,17.75,1.5,4,2,9.9,15,1
Manchester United,2025-11-01,Nottingham Forest - Manchester United 2:2,55.86,12.94,17.8,1.48,2,2,9.75,17,1
Manchester United,2025-11-08,Tottenham Hotspur - Manchester United 2:2,41.08,15.4,18.13,0.79,2,2,8.86,4,0
Manchester United,2025-11-24,Manchester United - Everton 0:1,68.12,5.18,18.67,2.17,0,1,5.14,25,0
Manchester United,2025-11-30,Crystal Palace - Manchester United 1:2,58.74,9.04,16.04,1.27,2,1,12.41,12,0
Manchester United,2025-12-04,Manchester United - West Ham United 1:1,62.14,5.57,17.92,2.58,1,1,7.39,16,0
Manchester United,2025-12-08,Wolverhampton Wanderers - Manchester United 1:4,61.76,6.88,17.43,3.97,4,1,7.32,25,6
Manchester United,2025-12-15,Manchester United - Bournemouth 4:4,54.07,6.79,16.85,3.43,4,4,9.25,26,3
Manchester United,2025-12-21,Aston Villa - Manchester United 2:1,56.62,5.65,15.94,1.73,1,2,7.27,16,0
Manchester United,2025-12-26,Manchester United - Newcastle United 1:0,34.01,15.14,17.5,1.22,1,0,12.02,10,1
Manchester United,2025-12-30,Manchester United - Wolverhampton Wanderers 1:1,55.45,8.03,17.05,1.04,1,1,6.39,14,2
Manchester United,2026-01-04,Leeds United - Manchester United 1:1,55.3,7.1,18.37,1.19,1,1,12.16,14,1
Manchester United,2026-01-07,Burnley - Manchester United 2:2,62.99,7.93,18.04,3.22,2,2,7.36,27,4
Manchester United,2026-01-17,Manchester United - Manchester City 2:0,32.66,14.29,17.92,2.5,2,0,11.29,11,3
Manchester United,2026-01-25,Arsenal - Manchester United 2:3,40.7,14.05,16.88,0.85,3,2,10.42,10,1
Manchester United,2026-02-01,Manchester United - Fulham 3:2,41.34,29.46,18.39,1.9,3,2,9.07,13,0
Manchester United,2026-02-07,Manchester United - Tottenham Hotspur 2:0,61.44,9.5,17.95,1.24,2,0,5.19,20,1
Manchester United,2026-02-10,West Ham United - Manchester United 1:1,62.25,7.64,17.46,0.8,1,1,7.93,9,1
Manchester United,2026-02-23,Everton - Manchester United 0:1,49.88,8.44,18.2,1.51,1,0,10.94,12,3
Manchester United,2026-03-01,Manchester United - Crystal Palace 2:1,58.49,10.35,18.95,2.41,2,1,6.24,20,0
Manchester United,2026-03-04,Newcastle United - Manchester United 2:1,53.98,7.39,16.43,1.84,1,2,8.68,14,0
Manchester United,2026-03-15,Manchester United - Aston Villa 3:1,51.89,10.15,17.59,1.55,3,1,8.01,15,3
Manchester United,2026-03-20,Bournemouth - Manchester United 2:2,45.19,15.2,17.51,1.98,2,2,9.73,13,4
Manchester United,2026-04-13,Manchester United - Leeds United 1:2,51.81,13.9,17.32,2.76,1,2,10.28,18,0
Manchester United,2026-04-18,Chelsea - Manchester United 0:1,39.2,17.04,19.08,0.34,1,0,8.49,4,3
Manchester United,2026-04-27,Manchester United - Brentford 2:1,41.81,12.3,17.63,1.36,2,1,9.71,11,1
Manchester United,2026-05-03,Manchester United - Liverpool 3:2,35.84,16.21,19.18,3.1,3,2,9.76,18,3
Manchester United,2026-05-09,Sunderland - Manchester United 0:0,49.69,16.72,18.38,0.48,0,0,10.4,10,0
Manchester United,2026-05-17,Manchester United - Nottingham Forest 3:2,50.97,9.83,16.24,4.39,3,2,6.71,27,13
Manchester United,2026-05-24,Brighton - Manchester United 0:3,44.88,26.17,18.78,1.67,3,0,11.89,11,2
Newcastle United,2025-08-16,Aston Villa - Newcastle United 0:0,56.18,7.54,17.29,1.02,0,0,7.98,15,0
Newcastle United,2025-08-25,Newcastle United - Liverpool 2:3,37.33,11.7,15.06,1.11,2,3,14.22,8,1
Newcastle United,2025-08-30,Leeds United - Newcastle United 0:0,57.14,10.93,16.92,0.55,0,0,6.83,8,0
Newcastle United,2025-09-13,Newcastle United - Wolverhampton Wanderers 1:0,51.64,7.93,17.39,1.48,1,0,6.96,14,1
Newcastle United,2025-09-21,Bournemouth - Newcastle United 0:0,47.88,13.88,14.75,0.18,0,0,8.48,4,0
Newcastle United,2025-09-28,Newcastle United - Arsenal 1:2,41.18,15.68,13.54,0.75,1,2,17.69,7,3
Newcastle United,2025-10-05,Newcastle United - Nottingham Forest 2:0,47.67,8.43,19.86,3.08,2,0,6.8,17,0
Newcastle United,2025-10-18,Brighton - Newcastle United 2:1,52.84,9.79,18.5,1.74,1,2,8.96,17,0
Newcastle United,2025-10-25,Newcastle United - Fulham 2:1,50.09,9.7,17.01,1.98,2,1,8.56,17,1
Newcastle United,2025-11-02,West Ham United - Newcastle United 3:1,59.01,10.9,17.16,0.48,1,3,5.68,10,0
Newcastle United,2025-11-09,Brentford - Newcastle United 3:1,54.0,10.37,16.43,0.33,1,3,9.01,4,0
Newcastle United,2025-11-22,Newcastle United - Manchester City 2:1,32.62,12.43,15.99,2.1,2,1,15.44,7,1
Newcastle United,2025-11-29,Everton - Newcastle United 1:4,46.86,13.75,19.67,1.26,4,1,5.4,11,0
Newcastle United,2025-12-02,Newcastle United - Tottenham Hotspur 2:2,51.99,10.08,15.77,2.34,2,2,5.57,15,2
Newcastle United,2025-12-06,Newcastle United - Burnley 2:1,68.36,6.64,17.58,1.73,2,1,5.76,17,0
Newcastle United,2025-12-14,Sunderland - Newcastle United 1:0,55.65,10.41,15.75,0.2,0,1,8.24,4,0
Newcastle United,2025-12-20,Newcastle United - Chelsea 2:2,46.96,9.26,16.63,2.54,2,2,8.99,11,2
Newcastle United,2025-12-26,Manchester United - Newcastle United 1:0,65.99,7.5,16.95,1.43,0,1,4.68,13,0
Newcastle United,2025-12-30,Burnley - Newcastle United 1:3,51.05,12.5,16.84,3.41,3,1,8.41,19,1
Newcastle United,2026-01-04,Newcastle United - Crystal Palace 2:0,56.79,6.33,18.03,2.55,2,0,8.98,10,1
Newcastle United,2026-01-07,Newcastle United - Leeds United 4:3,63.24,8.78,17.41,3.4,4,3,6.8,18,1
Newcastle United,2026-01-18,Wolverhampton Wanderers - Newcastle United 0:0,63.71,7.39,17.77,1.61,0,0,5.67,11,0
Newcastle United,2026-01-25,Newcastle United - Aston Villa 0:2,57.1,7.77,17.03,1.28,0,2,4.7,14,2
Newcastle United,2026-01-31,Liverpool - Newcastle United 4:1,48.56,11.52,14.22,0.43,1,4,10.22,8,2
Newcastle United,2026-02-07,Newcastle United - Brentford 2:3,52.28,13.6,16.67,3.3,2,3,9.35,15,2
Newcastle United,2026-02-10,Tottenham Hotspur - Newcastle United 1:2,45.55,8.0,15.59,3.22,2,1,8.71,20,1
Newcastle United,2026-02-21,Manchester City - Newcastle United 2:1,40.59,13.2,16.48,0.76,1,2,10.53,9,3
Newcastle United,2026-02-28,Newcastle United - Everton 2:3,63.62,6.97,17.94,0.62,2,3,5.02,14,0
Newcastle United,2026-03-04,Newcastle United - Manchester United 2:1,46.02,11.67,15.8,1.96,2,1,11.7,11,3
Newcastle United,2026-03-14,Chelsea - Newcastle United 0:1,33.95,20.94,16.57,0.87,1,0,9.75,6,1
Newcastle United,2026-03-22,Newcastle United - Sunderland 1:2,56.85,8.32,16.93,1.34,1,2,7.77,16,0
Newcastle United,2026-04-12,Crystal Palace - Newcastle United 2:1,57.9,7.53,15.75,1.15,1,2,8.12,6,2
Newcastle United,2026-04-18,Newcastle United - Bournemouth 1:2,53.99,8.55,15.7,2.22,1,2,9.48,12,0
Newcastle United,2026-04-25,Arsenal - Newcastle United 1:0,54.47,11.27,16.28,0.79,0,1,7.95,12,2
Newcastle United,2026-05-02,Newcastle United - Brighton 3:1,35.0,12.64,14.12,2.64,3,1,11.76,13,3
Newcastle United,2026-05-10,Nottingham Forest - Newcastle United 1:1,52.78,10.1,17.24,1.52,1,1,5.54,17,1
Newcastle United,2026-05-17,Newcastle United - West Ham United 3:1,53.85,13.95,17.33,1.31,3,1,7.58,13,0
Newcastle United,2026-05-24,Fulham - Newcastle United 2:0,56.11,15.44,17.15,0.55,0,2,5.86,7,0
Nottingham Forest,2025-08-17,Nottingham Forest - Brentford 3:1,51.03,11.79,16.7,2.05,3,1,10.55,11,1
Nottingham Forest,2025-08-24,Crystal Palace - Nottingham Forest 1:1,55.71,10.36,17.8,1.43,1,1,9.84,9,4
Nottingham Forest,2025-08-31,Nottingham Forest - West Ham United 0:3,56.5,9.0,18.17,0.92,0,3,5.79,9,2
Nottingham Forest,2025-09-13,Arsenal - Nottingham Forest 3:0,43.78,21.27,15.8,0.28,0,3,8.59,5,3
Nottingham Forest,2025-09-20,Burnley - Nottingham Forest 1:1,60.31,10.04,18.47,2.13,1,1,7.25,15,0
Nottingham Forest,2025-09-27,Nottingham Forest - Sunderland 0:1,61.68,8.41,16.52,1.67,0,1,5.65,19,3
Nottingham Forest,2025-10-05,Newcastle United - Nottingham Forest 2:0,52.33,9.21,17.41,0.28,0,2,12.3,5,0
Nottingham Forest,2025-10-18,Nottingham Forest - Chelsea 0:3,47.99,11.67,17.46,2.45,0,3,10.34,9,0
Nottingham Forest,2025-10-26,Bournemouth - Nottingham Forest 2:0,45.73,10.59,16.12,0.34,0,2,14.13,7,0
Nottingham Forest,2025-11-01,Nottingham Forest - Manchester United 2:2,44.14,12.17,15.84,2.13,2,2,11.8,16,1
Nottingham Forest,2025-11-09,Nottingham Forest - Leeds United 3:1,46.12,11.16,15.52,2.39,3,1,12.78,12,1
Nottingham Forest,2025-11-22,Liverpool - Nottingham Forest 0:3,28.0,21.63,14.83,1.35,3,0,16.59,15,3
Nottingham Forest,2025-11-30,Nottingham Forest - Brighton 0:2,50.39,10.34,17.07,0.97,0,2,10.16,15,2
Nottingham Forest,2025-12-03,Wolverhampton Wanderers - Nottingham Forest 0:1,49.82,11.26,15.88,0.91,1,0,12.47,9,0
Nottingham Forest,2025-12-06,Everton - Nottingham Forest 3:0,56.54,7.96,16.03,1.05,0,3,12.04,9,0
Nottingham Forest,2025-12-14,Nottingham Forest - Tottenham Hotspur 3:0,46.71,7.97,17.04,3.09,3,0,10.21,15,1
Nottingham Forest,2025-12-22,Fulham - Nottingham Forest 1:0,51.28,11.33,17.08,0.65,0,1,11.53,10,0
Nottingham Forest,2025-12-27,Nottingham Forest - Manchester City 1:2,35.99,15.1,15.23,1.01,1,2,17.59,6,1
Nottingham Forest,2025-12-30,Nottingham Forest - Everton 0:2,67.51,5.53,17.59,1.72,0,2,4.37,18,0
Nottingham Forest,2026-01-03,Aston Villa - Nottingham Forest 3:1,26.08,13.88,17.83,0.97,1,3,17.01,9,0
Nottingham Forest,2026-01-06,West Ham United - Nottingham Forest 1:2,52.47,9.41,16.64,1.58,2,1,9.13,11,0
Nottingham Forest,2026-01-17,Nottingham Forest - Arsenal 0:0,39.15,22.0,15.6,0.14,0,0,10.4,6,0
Nottingham Forest,2026-01-25,Brentford - Nottingham Forest 0:2,33.21,21.24,16.47,0.79,2,0,11.76,6,2
Nottingham Forest,2026-02-01,Nottingham Forest - Crystal Palace 1:1,34.01,17.67,14.78,0.65,1,1,16.98,8,1
Nottingham Forest,2026-02-06,Leeds United - Nottingham Forest 3:1,44.26,14.36,16.18,0.95,1,3,13.99,15,1
Nottingham Forest,2026-02-11,Nottingham Forest - Wolverhampton Wanderers 0:0,62.64,8.08,16.62,2.95,0,0,5.78,32,2
Nottingham Forest,2026-02-22,Nottingham Forest - Liverpool 0:1,48.62,11.86,17.13,1.35,0,1,11.29,18,1
Nottingham Forest,2026-03-01,Brighton - Nottingham Forest 2:1,50.03,13.8,15.9,1.04,1,2,12.59,13,0
Nottingham Forest,2026-03-04,Manchester City - Nottingham Forest 2:2,26.91,18.2,19.15,1.21,2,2,11.32,10,4
Nottingham Forest,2026-03-15,Nottingham Forest - Fulham 0:0,47.12,13.56,16.41,1.48,0,0,10.31,11,3
Nottingham Forest,2026-03-22,Tottenham Hotspur - Nottingham Forest 0:3,44.7,13.52,15.84,1.16,3,0,13.07,8,0
Nottingham Forest,2026-04-12,Nottingham Forest - Aston Villa 1:1,38.77,7.83,16.62,0.91,1,1,9.35,13,0
Nottingham Forest,2026-04-19,Nottingham Forest - Burnley 4:1,54.07,10.47,17.0,1.17,4,1,9.34,10,1
Nottingham Forest,2026-04-24,Sunderland - Nottingham Forest 0:5,39.16,11.27,16.44,1.07,5,0,18.73,11,0
Nottingham Forest,2026-05-04,Chelsea - Nottingham Forest 1:3,33.74,22.16,17.08,1.97,3,1,9.27,7,1
Nottingham Forest,2026-05-10,Nottingham Forest - Newcastle United 1:1,47.22,11.52,17.01,1.68,1,1,12.56,15,2
Nottingham Forest,2026-05-17,Manchester United - Nottingham Forest 3:2,49.03,14.25,16.84,1.38,2,3,5.8,10,0
Nottingham Forest,2026-05-24,Nottingham Forest - Bournemouth 1:1,44.67,15.16,17.31,2.41,1,1,10.51,14,0
Sunderland,2025-08-16,Sunderland - West Ham United 3:0,39.31,23.47,16.2,0.64,3,0,13.27,9,1
Sunderland,2025-08-23,Burnley - Sunderland 2:0,59.64,14.32,16.99,0.74,0,2,6.16,9,1
Sunderland,2025-08-30,Sunderland - Brentford 2:1,53.22,7.97,15.93,1.66,2,1,10.08,10,0
Sunderland,2025-09-13,Crystal Palace - Sunderland 0:0,45.68,15.83,16.09,0.41,0,0,8.53,6,0
Sunderland,2025-09-21,Sunderland - Aston Villa 1:1,30.24,8.09,13.79,1.29,1,1,14.36,12,0
Sunderland,2025-09-27,Nottingham Forest - Sunderland 0:1,38.32,16.63,13.79,1.57,1,0,13.86,11,1
Sunderland,2025-10-04,Manchester United - Sunderland 2:0,52.37,9.5,16.33,0.63,0,2,9.74,7,0
Sunderland,2025-10-18,Sunderland - Wolverhampton Wanderers 2:0,39.21,14.58,17.19,0.72,2,0,12.87,8,1
Sunderland,2025-10-25,Chelsea - Sunderland 1:2,31.89,12.34,15.52,1.71,2,1,8.85,10,3
Sunderland,2025-11-03,Sunderland - Everton 1:1,59.71,6.82,16.08,0.68,1,1,8.72,13,0
Sunderland,2025-11-08,Sunderland - Arsenal 2:2,37.58,11.05,14.79,0.77,2,2,9.23,6,0
Sunderland,2025-11-22,Fulham - Sunderland 1:0,43.67,12.0,16.2,0.6,0,1,8.73,4,0
Sunderland,2025-11-29,Sunderland - Bournemouth 3:2,40.8,9.14,16.23,1.9,3,2,11.76,11,1
Sunderland,2025-12-03,Liverpool - Sunderland 1:1,39.03,14.17,12.99,0.73,1,1,16.08,8,1
Sunderland,2025-12-06,Manchester City - Sunderland 3:0,33.98,17.32,18.66,0.66,0,3,14.12,6,1
Sunderland,2025-12-14,Sunderland - Newcastle United 1:0,44.35,14.32,16.55,0.34,1,0,12.95,6,0
Sunderland,2025-12-20,Brighton - Sunderland 0:0,44.64,10.32,14.24,0.93,0,0,15.38,14,0
Sunderland,2025-12-28,Sunderland - Leeds United 1:1,42.27,17.1,16.14,0.62,1,1,12.83,7,1
Sunderland,2026-01-01,Sunderland - Manchester City 0:0,35.03,9.43,14.13,0.79,0,0,15.28,9,0
Sunderland,2026-01-04,Tottenham Hotspur - Sunderland 1:1,51.52,8.77,14.26,0.77,1,1,11.62,9,0
Sunderland,2026-01-07,Brentford - Sunderland 3:0,49.31,12.0,15.86,1.29,0,3,11.23,11,0
Sunderland,2026-01-17,Sunderland - Crystal Palace 2:1,58.89,7.69,15.4,2.76,2,1,10.14,13,1
Sunderland,2026-01-24,West Ham United - Sunderland 3:1,53.3,8.45,16.26,0.67,1,3,7.16,8,1
Sunderland,2026-02-02,Sunderland - Burnley 3:0,44.42,15.46,16.91,1.7,3,0,9.33,12,2
Sunderland,2026-02-07,Arsenal - Sunderland 3:0,47.17,12.7,15.6,0.52,0,3,10.38,5,1
Sunderland,2026-02-11,Sunderland - Liverpool 0:1,50.91,10.52,13.99,1.41,0,1,9.69,11,2
Sunderland,2026-02-22,Sunderland - Fulham 1:3,54.45,13.63,15.49,1.52,1,3,10.03,10,0
Sunderland,2026-02-28,Bournemouth - Sunderland 1:1,42.23,8.08,14.5,1.23,1,1,19.93,6,1
Sunderland,2026-03-03,Leeds United - Sunderland 0:1,32.19,16.25,14.15,0.81,1,0,21.82,2,0
Sunderland,2026-03-14,Sunderland - Brighton 0:1,51.87,15.43,15.7,1.54,0,1,12.29,12,0
Sunderland,2026-03-22,Newcastle United - Sunderland 1:2,43.15,8.61,15.02,3.86,2,1,14.62,17,0
Sunderland,2026-04-12,Sunderland - Tottenham Hotspur 1:0,51.1,8.45,15.54,1.4,1,0,10.03,11,1
Sunderland,2026-04-19,Aston Villa - Sunderland 4:3,48.84,7.46,16.75,0.9,3,4,9.88,9,1
Sunderland,2026-04-24,Sunderland - Nottingham Forest 0:5,60.84,7.12,16.96,0.54,0,5,12.38,11,0
Sunderland,2026-05-02,Wolverhampton Wanderers - Sunderland 1:1,42.28,12.38,15.72,0.76,1,1,9.27,10,2
Sunderland,2026-05-09,Sunderland - Manchester United 0:0,50.31,11.96,18.08,1.36,0,0,6.4,15,2
Sunderland,2026-05-17,Everton - Sunderland 1:3,49.74,11.86,16.4,1.24,3,1,8.16,8,1
Sunderland,2026-05-24,Sunderland - Chelsea 2:1,47.32,13.0,16.4,1.74,2,1,9.32,19,1
Tottenham Hotspur,2025-08-16,Tottenham Hotspur - Burnley 3:0,70.45,5.96,15.93,2.15,3,0,7.62,14,1
Tottenham Hotspur,2025-08-23,Manchester City - Tottenham Hotspur 0:2,42.44,9.67,15.05,1.68,2,0,13.31,11,0
Tottenham Hotspur,2025-08-30,Tottenham Hotspur - Bournemouth 0:1,61.32,7.52,16.52,0.33,0,1,8.69,5,0
Tottenham Hotspur,2025-09-13,West Ham United - Tottenham Hotspur 0:3,66.63,12.19,15.79,1.7,3,0,7.31,12,1
Tottenham Hotspur,2025-09-20,Brighton - Tottenham Hotspur 2:2,64.6,5.81,16.57,1.8,2,2,8.72,10,0
Tottenham Hotspur,2025-09-27,Tottenham Hotspur - Wolverhampton Wanderers 1:1,50.47,9.71,16.14,0.81,1,1,8.93,9,0
Tottenham Hotspur,2025-10-04,Leeds United - Tottenham Hotspur 1:2,45.23,10.5,15.96,0.81,2,1,10.19,11,0
Tottenham Hotspur,2025-10-19,Tottenham Hotspur - Aston Villa 1:2,53.05,6.75,16.62,1.08,1,2,7.52,10,1
Tottenham Hotspur,2025-10-26,Everton - Tottenham Hotspur 0:3,46.93,22.42,16.48,1.28,3,0,10.5,6,1
Tottenham Hotspur,2025-11-01,Tottenham Hotspur - Chelsea 0:1,49.81,8.18,15.38,0.17,0,1,11.17,3,0
Tottenham Hotspur,2025-11-08,Tottenham Hotspur - Manchester United 2:2,58.92,7.91,16.56,1.46,2,2,9.3,8,0
Tottenham Hotspur,2025-11-23,Arsenal - Tottenham Hotspur 4:1,44.32,12.3,15.79,0.05,1,4,12.0,3,0
Tottenham Hotspur,2025-11-29,Tottenham Hotspur - Fulham 1:2,64.77,7.5,16.38,2.01,1,2,5.28,13,0
Tottenham Hotspur,2025-12-02,Newcastle United - Tottenham Hotspur 2:2,48.01,11.63,15.06,0.97,2,2,8.68,6,4
Tottenham Hotspur,2025-12-06,Tottenham Hotspur - Brentford 2:0,55.91,7.68,14.81,1.63,2,0,8.87,14,0
Tottenham Hotspur,2025-12-14,Nottingham Forest - Tottenham Hotspur 3:0,53.29,6.64,16.11,0.47,0,3,8.25,6,0
Tottenham Hotspur,2025-12-20,Tottenham Hotspur - Liverpool 1:2,38.54,14.81,15.44,1.67,1,2,11.01,14,0
Tottenham Hotspur,2025-12-28,Crystal Palace - Tottenham Hotspur 0:1,39.91,27.46,15.92,1.1,1,0,14.89,8,2
Tottenham Hotspur,2026-01-01,Brentford - Tottenham Hotspur 0:0,43.78,15.74,17.27,0.98,0,0,10.92,9,2
Tottenham Hotspur,2026-01-04,Tottenham Hotspur - Sunderland 1:1,48.48,10.79,15.23,1.48,1,1,12.63,12,3
Tottenham Hotspur,2026-01-07,Bournemouth - Tottenham Hotspur 3:2,61.21,9.39,15.2,1.44,2,3,11.0,14,3
Tottenham Hotspur,2026-01-17,Tottenham Hotspur - West Ham United 1:2,62.61,7.27,15.53,1.92,1,2,5.79,18,0
Tottenham Hotspur,2026-01-24,Burnley - Tottenham Hotspur 2:2,66.51,8.06,17.04,2.27,2,2,7.75,17,0
Tottenham Hotspur,2026-02-01,Tottenham Hotspur - Manchester City 2:2,41.79,12.77,15.3,1.01,2,2,10.64,11,3
Tottenham Hotspur,2026-02-07,Manchester United - Tottenham Hotspur 2:0,38.56,15.68,15.6,0.28,0,2,10.12,6,1
Tottenham Hotspur,2026-02-10,Tottenham Hotspur - Newcastle United 1:2,54.45,8.17,15.39,2.17,1,2,9.16,13,0
Tottenham Hotspur,2026-02-22,Tottenham Hotspur - Arsenal 1:4,45.79,7.24,14.15,0.67,1,4,14.56,6,0
Tottenham Hotspur,2026-03-01,Fulham - Tottenham Hotspur 2:1,43.74,11.5,18.04,1.06,1,2,12.0,10,1
Tottenham Hotspur,2026-03-05,Tottenham Hotspur - Crystal Palace 1:3,43.06,13.63,14.65,1.46,1,3,12.81,12,0
Tottenham Hotspur,2026-03-15,Liverpool - Tottenham Hotspur 1:1,40.68,12.88,14.65,1.23,1,1,15.96,14,0
Tottenham Hotspur,2026-03-22,Tottenham Hotspur - Nottingham Forest 0:3,55.3,7.55,17.99,1.69,0,3,9.09,13,0
Tottenham Hotspur,2026-04-12,Sunderland - Tottenham Hotspur 1:0,48.9,9.29,14.53,0.94,0,1,10.36,9,1
Tottenham Hotspur,2026-04-18,Tottenham Hotspur - Brighton 2:2,48.77,9.17,13.94,1.82,2,2,11.5,13,0
Tottenham Hotspur,2026-04-25,Wolverhampton Wanderers - Tottenham Hotspur 0:1,55.24,6.03,18.15,1.13,1,0,7.66,9,0
Tottenham Hotspur,2026-05-03,Aston Villa - Tottenham Hotspur 1:2,53.89,8.71,15.56,1.17,2,1,7.16,10,0
Tottenham Hotspur,2026-05-11,Tottenham Hotspur - Leeds United 1:1,58.87,4.98,15.19,1.61,1,1,10.29,14,0
Tottenham Hotspur,2026-05-19,Chelsea - Tottenham Hotspur 2:1,58.73,9.36,17.23,1.36,1,2,5.54,8,0
Tottenham Hotspur,2026-05-24,Tottenham Hotspur - Everton 1:0,51.09,8.1,17.53,1.72,1,0,6.58,15,0
West Ham United,2025-08-16,Sunderland - West Ham United 3:0,60.69,9.43,17.62,0.57,0,3,9.74,11,0
West Ham United,2025-08-22,West Ham United - Chelsea 1:5,42.79,22.59,17.96,1.17,1,5,8.83,12,1
West Ham United,2025-08-31,Nottingham Forest - West Ham United 0:3,43.5,24.14,16.3,1.98,3,0,10.21,12,1
West Ham United,2025-09-13,West Ham United - Tottenham Hotspur 0:3,33.37,20.94,16.8,1.12,0,3,11.91,7,0
West Ham United,2025-09-20,West Ham United - Crystal Palace 1:2,55.89,8.0,16.57,0.57,1,2,10.65,6,2
West Ham United,2025-09-29,Everton - West Ham United 1:1,45.4,8.43,17.42,1.43,1,1,10.67,14,1
West Ham United,2025-10-04,Arsenal - West Ham United 2:0,35.28,29.58,14.2,0.45,0,2,18.11,4,1
West Ham United,2025-10-20,West Ham United - Brentford 0:2,43.58,11.69,16.41,0.25,0,2,10.98,7,2
West Ham United,2025-10-24,Leeds United - West Ham United 2:1,57.73,10.32,16.54,1.02,1,2,7.35,9,0
West Ham United,2025-11-02,West Ham United - Newcastle United 3:1,40.99,17.53,15.02,2.24,3,1,11.14,14,5
West Ham United,2025-11-08,West Ham United - Burnley 3:2,44.44,12.31,18.06,2.41,3,2,9.74,14,1
West Ham United,2025-11-22,Bournemouth - West Ham United 2:2,29.24,13.45,11.67,0.64,2,2,24.44,4,1
West Ham United,2025-11-30,West Ham United - Liverpool 0:2,44.74,10.97,15.92,0.19,0,2,9.47,5,1
West Ham United,2025-12-04,Manchester United - West Ham United 1:1,37.86,9.59,15.98,1.29,1,1,15.31,11,1
West Ham United,2025-12-07,Brighton - West Ham United 1:1,34.21,16.32,14.73,2.14,1,1,11.92,15,3
West Ham United,2025-12-14,West Ham United - Aston Villa 2:3,39.45,11.12,17.91,1.23,2,3,7.22,10,2
West Ham United,2025-12-20,Manchester City - West Ham United 3:0,30.6,19.73,20.02,1.33,0,3,10.71,7,1
West Ham United,2025-12-27,West Ham United - Fulham 0:1,42.61,13.78,17.54,1.24,0,1,7.97,10,0
West Ham United,2025-12-30,West Ham United - Brighton 2:2,40.42,16.18,16.03,1.83,2,2,13.2,9,3
West Ham United,2026-01-03,Wolverhampton Wanderers - West Ham United 3:0,62.02,8.35,18.92,0.53,0,3,4.35,5,0
West Ham United,2026-01-06,West Ham United - Nottingham Forest 1:2,47.53,7.12,16.16,1.51,1,2,10.38,13,0
West Ham United,2026-01-17,Tottenham Hotspur - West Ham United 1:2,37.39,10.1,15.64,3.37,2,1,16.49,16,0
West Ham United,2026-01-24,West Ham United - Sunderland 3:1,46.7,11.92,16.13,1.39,3,1,13.35,11,1
West Ham United,2026-01-31,Chelsea - West Ham United 3:2,33.8,19.86,15.64,1.43,2,3,13.33,10,3
West Ham United,2026-02-07,Burnley - West Ham United 0:2,48.47,13.25,15.22,0.63,2,0,12.47,6,5
West Ham United,2026-02-10,West Ham United - Manchester United 1:1,37.75,13.92,15.46,0.85,1,1,11.45,6,3
West Ham United,2026-02-21,West Ham United - Bournemouth 0:0,38.57,12.89,17.43,3.75,0,0,12.08,19,1
West Ham United,2026-02-28,Liverpool - West Ham United 5:2,50.02,8.41,15.46,2.08,2,5,13.08,10,1
West Ham United,2026-03-04,Fulham - West Ham United 0:1,40.37,17.48,16.58,0.6,1,0,9.26,8,1
West Ham United,2026-03-14,West Ham United - Manchester City 1:1,27.35,17.9,18.59,0.35,1,1,12.0,1,1
West Ham United,2026-03-22,Aston Villa - West Ham United 2:0,44.43,15.89,14.84,0.66,0,2,9.83,8,0
West Ham United,2026-04-10,West Ham United - Wolverhampton Wanderers 4:0,44.71,12.12,15.77,2.97,4,0,10.98,18,3
West Ham United,2026-04-20,Crystal Palace - West Ham United 0:0,45.99,9.74,16.18,0.7,0,0,12.63,9,3
West Ham United,2026-04-25,West Ham United - Everton 2:1,43.14,11.92,17.01,1.22,2,1,11.83,8,0
West Ham United,2026-05-02,Brentford - West Ham United 3:0,49.08,7.93,16.52,1.36,0,3,11.47,13,0
West Ham United,2026-05-10,West Ham United - Arsenal 0:1,40.37,10.55,14.15,1.72,0,1,16.85,10,2
West Ham United,2026-05-17,Newcastle United - West Ham United 3:1,46.15,12.38,16.12,1.45,1,3,11.57,13,0
West Ham United,2026-05-24,West Ham United - Leeds United 3:0,44.31,12.44,15.84,4.21,3,0,12.26,16,1
Wolverhampton Wanderers,2025-08-16,Wolverhampton Wanderers - Manchester City 0:4,42.01,13.88,17.64,0.52,0,4,13.23,8,0
Wolverhampton Wanderers,2025-08-23,Bournemouth - Wolverhampton Wanderers 1:0,44.83,10.42,13.71,0.49,0,1,16.95,6,0
Wolverhampton Wanderers,2025-08-30,Wolverhampton Wanderers - Everton 2:3,60.77,6.63,15.52,1.26,2,3,9.63,10,0
Wolverhampton Wanderers,2025-09-13,Newcastle United - Wolverhampton Wanderers 1:0,48.36,10.08,15.0,0.66,0,1,17.53,8,0
Wolverhampton Wanderers,2025-09-20,Wolverhampton Wanderers - Leeds United 1:3,55.26,11.67,15.85,1.36,1,3,7.49,13,0
Wolverhampton Wanderers,2025-09-27,Tottenham Hotspur - Wolverhampton Wanderers 1:1,49.53,8.19,15.47,1.36,1,1,11.35,8,1
Wolverhampton Wanderers,2025-10-05,Wolverhampton Wanderers - Brighton 1:1,41.2,14.09,15.73,0.93,1,1,13.35,7,0
Wolverhampton Wanderers,2025-10-18,Sunderland - Wolverhampton Wanderers 2:0,60.79,6.63,16.26,1.14,0,2,12.04,15,1
Wolverhampton Wanderers,2025-10-26,Wolverhampton Wanderers - Burnley 2:3,60.33,8.03,17.0,3.0,2,3,11.41,18,2
Wolverhampton Wanderers,2025-11-01,Fulham - Wolverhampton Wanderers 3:0,39.94,14.12,15.13,0.48,0,3,16.61,5,2
Wolverhampton Wanderers,2025-11-08,Chelsea - Wolverhampton Wanderers 3:0,36.49,16.1,15.03,0.19,0,3,12.77,3,1
Wolverhampton Wanderers,2025-11-22,Wolverhampton Wanderers - Crystal Palace 0:2,47.91,15.63,18.53,1.27,0,2,12.26,8,0
Wolverhampton Wanderers,2025-11-30,Aston Villa - Wolverhampton Wanderers 1:0,46.87,8.85,16.82,0.65,0,1,7.16,8,3
Wolverhampton Wanderers,2025-12-03,Wolverhampton Wanderers - Nottingham Forest 0:1,50.18,12.33,15.93,0.56,0,1,10.12,4,1
Wolverhampton Wanderers,2025-12-08,Wolverhampton Wanderers - Manchester United 1:4,38.24,10.17,15.46,0.4,1,4,15.44,8,0
Wolverhampton Wanderers,2025-12-13,Arsenal - Wolverhampton Wanderers 2:1,30.62,12.71,15.6,0.53,1,2,14.46,3,1
Wolverhampton Wanderers,2025-12-20,Wolverhampton Wanderers - Brentford 0:2,44.2,16.32,16.41,1.16,0,2,12.15,7,0
Wolverhampton Wanderers,2025-12-27,Liverpool - Wolverhampton Wanderers 2:1,36.32,15.8,15.3,1.57,1,2,11.78,9,1
Wolverhampton Wanderers,2025-12-30,Manchester United - Wolverhampton Wanderers 1:1,44.55,17.42,15.93,1.09,1,1,5.59,8,3
Wolverhampton Wanderers,2026-01-03,Wolverhampton Wanderers - West Ham United 3:0,37.98,19.47,14.72,1.73,3,0,7.77,10,0
Wolverhampton Wanderers,2026-01-07,Everton - Wolverhampton Wanderers 1:1,53.76,8.7,15.91,1.18,1,1,9.55,13,0
Wolverhampton Wanderers,2026-01-18,Wolverhampton Wanderers - Newcastle United 0:0,36.29,21.75,15.82,0.68,0,0,11.19,6,1
Wolverhampton Wanderers,2026-01-24,Manchester City - Wolverhampton Wanderers 2:0,36.41,16.13,18.21,0.85,0,2,8.63,11,0
Wolverhampton Wanderers,2026-01-31,Wolverhampton Wanderers - Bournemouth 0:2,52.22,13.88,16.95,1.9,0,2,9.7,15,1
Wolverhampton Wanderers,2026-02-07,Wolverhampton Wanderers - Chelsea 1:3,39.7,31.94,16.01,1.18,1,3,11.36,10,1
Wolverhampton Wanderers,2026-02-11,Nottingham Forest - Wolverhampton Wanderers 0:0,37.36,12.64,14.87,0.74,0,0,12.69,7,2
Wolverhampton Wanderers,2026-02-18,Wolverhampton Wanderers - Arsenal 2:2,44.53,9.81,14.97,0.26,2,2,12.57,5,0
Wolverhampton Wanderers,2026-02-22,Crystal Palace - Wolverhampton Wanderers 1:0,41.45,9.13,15.66,1.96,0,1,17.52,12,1
Wolverhampton Wanderers,2026-02-27,Wolverhampton Wanderers - Aston Villa 2:0,38.23,13.8,15.82,1.08,2,0,11.33,8,2
Wolverhampton Wanderers,2026-03-03,Wolverhampton Wanderers - Liverpool 2:1,35.55,14.41,16.64,0.46,2,1,8.83,4,2
Wolverhampton Wanderers,2026-03-16,Brentford - Wolverhampton Wanderers 2:2,52.05,10.17,17.41,1.21,2,2,10.37,11,0
Wolverhampton Wanderers,2026-04-10,West Ham United - Wolverhampton Wanderers 4:0,55.29,8.38,16.49,0.76,0,4,5.96,11,0
Wolverhampton Wanderers,2026-04-18,Leeds United - Wolverhampton Wanderers 3:0,41.29,10.65,16.91,0.93,0,3,15.47,6,0
Wolverhampton Wanderers,2026-04-25,Wolverhampton Wanderers - Tottenham Hotspur 0:1,44.76,14.05,15.05,0.4,0,1,13.03,10,0
Wolverhampton Wanderers,2026-05-02,Wolverhampton Wanderers - Sunderland 1:1,57.72,11.12,16.4,2.27,1,1,8.52,16,1
Wolverhampton Wanderers,2026-05-09,Brighton - Wolverhampton Wanderers 3:0,28.62,33.42,15.01,0.79,0,3,16.42,5,1
Wolverhampton Wanderers,2026-05-17,Wolverhampton Wanderers - Fulham 1:1,33.62,10.77,15.27,1.24,1,1,16.14,10,0
Wolverhampton Wanderers,2026-05-24,Burnley - Wolverhampton Wanderers 1:1,30.72,12.18,15.24,2.14,1,1,15.61,14,2
