Squad,Matches,Goals,Conceded,xG,Possession %,Shots,Shots Against,PPDA,Match Tempo,Passes,Pass Acc %,Long Pass %,Avg Pass Length,Passes/Possession,Fwd Pass %,Progressive Passes,Crosses,Cross Acc %,Pos. Attacks,Counterattacks,Counter Share %,Pos.Atk Shot %,Duels Won %,Aerial Won %,Def Duels Won %,Interceptions,Recoveries,Rec. High %,Rec. Low %,Losses,Loss Low %,Fouls,Corners,Avg Shot Dist
Arsenal,38,1.87,0.71,1.9,55.8,13.6,7.6,9.92,16.16,467.0,86.1,8.4,18.6,5.1,31.7,65.6,14.7,32.0,30.4,1.08,3.4,28.2,48.3,47.7,62.5,31.6,80.2,19.0,39.1,101.3,16.2,10.2,5.7,16.36
Aston Villa,38,1.47,1.29,1.49,54.1,11.8,11.4,12.27,15.71,433.0,85.7,8.5,18.37,4.64,32.4,61.7,13.8,27.9,24.3,0.95,3.8,26.9,46.4,44.9,59.7,34.5,69.9,17.3,45.8,97.9,21.8,10.0,5.2,17.76
Bournemouth,38,1.53,1.42,1.72,49.7,13.2,11.9,10.38,16.62,407.0,81.3,11.9,19.63,3.99,35.2,71.2,16.4,32.5,30.5,1.13,3.6,28.2,48.2,43.5,61.1,41.9,86.7,16.7,44.9,118.0,19.6,12.1,5.6,18.34
Brentford,38,1.45,1.37,1.59,48.2,9.8,12.5,11.11,16.02,387.0,82.3,12.9,19.44,3.95,35.2,66.1,13.7,33.0,25.7,1.08,4.0,23.3,46.9,43.8,62.8,41.7,85.0,15.9,43.8,114.2,20.7,10.2,4.8,15.32
Brighton,38,1.37,1.21,1.46,54.0,11.9,11.1,9.3,16.64,461.0,84.5,9.2,18.97,4.9,32.4,69.0,16.7,37.7,27.5,0.84,3.0,25.5,47.7,46.0,61.8,36.7,82.7,18.1,38.8,108.3,17.4,11.8,4.9,17.35
Burnley,38,1.0,1.97,0.88,41.9,8.7,15.6,14.39,17.19,376.0,81.5,11.4,18.88,4.0,33.6,60.5,11.6,31.1,23.1,0.71,3.0,23.9,45.6,41.4,61.3,40.9,77.7,14.7,46.7,114.2,23.5,10.2,3.6,18.84
Chelsea,38,1.53,1.37,1.71,56.1,12.5,10.2,11.48,17.84,527.0,87.7,7.6,18.36,5.65,30.0,68.4,15.3,31.0,27.5,1.32,4.6,28.9,48.0,42.6,63.4,34.4,75.4,16.6,43.0,98.8,19.4,11.0,5.9,17.3
Crystal Palace,38,1.08,1.34,1.54,45.6,10.6,10.8,14.05,16.75,383.0,81.1,11.9,19.85,4.06,35.3,69.3,13.1,34.1,24.4,0.92,3.6,28.0,48.2,45.1,63.0,42.7,87.2,15.4,46.5,117.1,20.3,10.3,4.2,15.88
Everton,38,1.24,1.32,1.31,45.0,10.2,12.9,12.6,15.76,369.0,82.5,11.4,19.49,3.84,35.5,63.8,13.6,36.6,26.5,1.05,3.8,24.0,48.3,48.4,63.9,39.6,83.2,17.2,43.5,113.5,20.4,10.7,4.4,17.01
Fulham,38,1.24,1.34,1.42,50.9,11.6,10.8,12.59,17.36,462.0,84.6,9.2,18.72,4.8,32.1,71.3,15.0,38.1,25.5,0.71,2.7,27.9,48.8,44.0,62.9,37.4,75.8,13.7,45.5,107.7,21.1,10.8,4.9,17.51
Leeds United,38,1.29,1.47,1.66,45.9,11.1,11.7,12.06,16.54,386.0,82.6,11.0,19.08,4.06,34.3,62.8,13.9,32.1,25.4,0.84,3.2,27.4,48.0,43.0,64.2,41.8,86.0,16.7,43.2,114.8,21.7,10.4,4.4,16.53
Liverpool,38,1.66,1.39,1.61,57.8,14.5,10.9,10.7,17.16,520.0,86.1,7.4,18.24,5.35,32.8,75.4,17.5,27.7,32.6,1.34,4.0,29.3,48.5,46.8,61.2,34.3,81.9,19.6,40.1,108.2,18.8,9.8,6.1,18.04
Manchester City,38,2.03,0.92,2.07,60.9,14.6,8.7,10.6,16.97,568.0,88.8,6.4,17.13,6.06,28.3,67.0,14.2,32.4,31.9,0.89,2.7,29.7,48.8,54.4,62.0,31.9,75.9,20.2,38.4,100.6,19.6,9.7,6.4,16.36
Manchester United,38,1.82,1.32,1.88,50.9,14.9,10.4,11.51,17.49,452.0,84.7,9.5,18.13,4.72,33.2,72.5,14.1,36.1,28.7,1.89,6.2,32.7,48.2,46.2,61.1,40.2,85.1,15.8,44.5,111.0,20.9,10.2,4.8,17.24
Newcastle United,38,1.39,1.45,1.56,51.8,11.8,11.7,10.62,16.66,439.0,84.0,8.4,18.97,4.43,33.3,67.0,18.7,30.1,29.0,0.95,3.2,24.9,48.7,51.1,62.7,35.9,83.4,16.7,40.6,110.5,19.3,10.2,6.1,17.67
Nottingham Forest,38,1.26,1.34,1.36,46.5,11.6,12.3,12.82,16.67,400.0,83.5,11.1,19.08,4.09,34.9,67.9,17.8,35.7,27.5,1.05,3.7,27.3,47.9,43.7,62.5,40.1,81.2,14.8,45.2,107.9,21.2,10.6,5.2,17.67
Sunderland,38,1.11,1.26,1.14,45.8,9.6,13.2,11.95,15.71,364.0,81.7,11.5,19.8,3.86,36.1,61.9,12.1,26.1,25.1,0.71,2.8,24.3,46.5,43.7,60.4,40.1,81.1,15.2,44.1,107.7,21.0,10.6,3.6,17.11
Tottenham Hotspur,38,1.26,1.5,1.28,52.0,10.4,11.3,10.29,15.91,408.0,83.0,9.8,19.29,4.19,33.8,64.5,16.4,33.3,25.3,0.63,2.4,25.4,45.7,43.1,62.8,38.8,81.9,16.5,43.2,112.2,20.0,12.0,5.5,17.0
West Ham United,38,1.21,1.71,1.42,42.9,10.0,13.5,13.69,16.33,358.0,81.2,11.7,19.32,3.74,35.2,60.9,12.6,32.7,23.1,1.34,5.5,23.3,47.3,44.2,61.8,43.2,78.6,15.1,49.2,106.7,23.2,11.0,4.9,16.17
Wolverhampton Wanderers,38,0.71,1.79,1.06,44.1,8.9,13.1,13.46,15.94,357.0,82.0,11.9,19.36,3.82,35.3,61.7,14.8,38.4,23.1,0.79,3.3,21.8,48.1,43.4,62.0,41.1,80.0,14.3,48.8,108.1,22.9,12.8,3.4,17.48
